id,domain,category,audience,question,answer,keywords,source
VASTRA-00001,handloom,Materials,customer|professional,What is Mulberry Silk and what is it used for?,"Mulberry Silk is a protein fibre. Common handloom uses include premium sarees, blouses, stoles and ceremonial garments. The exact characteristics depend on yarn quality, weave structure, finishing and construction.","mulberry silk, material, uses",Curated Vastra domain knowledge
VASTRA-00002,handloom,Material Care,customer,How should I wash Mulberry Silk?,"For many valuable silk products, professional cleaning is safest. Follow the exact care label; avoid prolonged soaking and harsh detergents.","mulberry silk, wash, cleaning",Curated Vastra domain knowledge
VASTRA-00003,handloom,Material Care,customer,How should I iron Mulberry Silk?,"If ironing is permitted, use low heat and a pressing cloth, preferably from the reverse side.","mulberry silk, iron, pressing",Curated Vastra domain knowledge
VASTRA-00004,handloom,Material Care,customer,How should I store Mulberry Silk?,"Store clean and completely dry, folded loosely in breathable fabric and away from strong sunlight.","mulberry silk, storage",Curated Vastra domain knowledge
VASTRA-00005,handloom,Material Selection,customer|professional,Is Mulberry Silk suitable for everyday use?,"Mulberry Silk can be suitable for appropriate everyday or occasional products depending on the construction. Check the specific product's weight, weave, finishing and care label before choosing it for frequent use.","mulberry silk, everyday, selection",Curated Vastra domain knowledge
VASTRA-00006,handloom,Materials,customer|professional,What is Bivoltine Mulberry Silk and what is it used for?,"Bivoltine Mulberry Silk is a protein fibre. Common handloom uses include high-quality silk sarees and premium garments. The exact characteristics depend on yarn quality, weave structure, finishing and construction.","bivoltine mulberry silk, material, uses",Curated Vastra domain knowledge
VASTRA-00007,handloom,Material Care,customer,How should I wash Bivoltine Mulberry Silk?,Use the product care label. Professional cleaning is often preferred for valuable dyed or embellished pieces.,"bivoltine mulberry silk, wash, cleaning",Curated Vastra domain knowledge
VASTRA-00008,handloom,Material Care,customer,How should I iron Bivoltine Mulberry Silk?,Low heat with a pressing cloth when permitted; avoid direct high heat.,"bivoltine mulberry silk, iron, pressing",Curated Vastra domain knowledge
VASTRA-00009,handloom,Material Care,customer,How should I store Bivoltine Mulberry Silk?,"Keep dry, protected from insects and prolonged light.","bivoltine mulberry silk, storage",Curated Vastra domain knowledge
VASTRA-00010,handloom,Material Selection,customer|professional,Is Bivoltine Mulberry Silk suitable for everyday use?,"Bivoltine Mulberry Silk can be suitable for appropriate everyday or occasional products depending on the construction. Check the specific product's weight, weave, finishing and care label before choosing it for frequent use.","bivoltine mulberry silk, everyday, selection",Curated Vastra domain knowledge
VASTRA-00011,handloom,Materials,customer|professional,What is Tropical Tasar Silk and what is it used for?,"Tropical Tasar Silk is a wild/vanya silk. Common handloom uses include sarees, stoles, dress materials and textiles. The exact characteristics depend on yarn quality, weave structure, finishing and construction.","tropical tasar silk, material, uses",Curated Vastra domain knowledge
VASTRA-00012,handloom,Material Care,customer,How should I wash Tropical Tasar Silk?,Care varies with weave and dye. Use gentle care or professional cleaning for valuable pieces.,"tropical tasar silk, wash, cleaning",Curated Vastra domain knowledge
VASTRA-00013,handloom,Material Care,customer,How should I iron Tropical Tasar Silk?,Use low heat and a pressing cloth if permitted.,"tropical tasar silk, iron, pressing",Curated Vastra domain knowledge
VASTRA-00014,handloom,Material Care,customer,How should I store Tropical Tasar Silk?,Fold gently and store dry with breathable protection.,"tropical tasar silk, storage",Curated Vastra domain knowledge
VASTRA-00015,handloom,Material Selection,customer|professional,Is Tropical Tasar Silk suitable for everyday use?,"Tropical Tasar Silk can be suitable for appropriate everyday or occasional products depending on the construction. Check the specific product's weight, weave, finishing and care label before choosing it for frequent use.","tropical tasar silk, everyday, selection",Curated Vastra domain knowledge
VASTRA-00016,handloom,Materials,customer|professional,What is Oak Tasar Silk and what is it used for?,"Oak Tasar Silk is a wild/vanya silk. Common handloom uses include shawls, sarees and traditional textiles. The exact characteristics depend on yarn quality, weave structure, finishing and construction.","oak tasar silk, material, uses",Curated Vastra domain knowledge
VASTRA-00017,handloom,Material Care,customer,How should I wash Oak Tasar Silk?,Follow the label; delicate pieces should generally be handled gently and may require professional cleaning.,"oak tasar silk, wash, cleaning",Curated Vastra domain knowledge
VASTRA-00018,handloom,Material Care,customer,How should I iron Oak Tasar Silk?,Low heat only when permitted.,"oak tasar silk, iron, pressing",Curated Vastra domain knowledge
VASTRA-00019,handloom,Material Care,customer,How should I store Oak Tasar Silk?,"Store dry, clean and protected from moisture and insects.","oak tasar silk, storage",Curated Vastra domain knowledge
VASTRA-00020,handloom,Material Selection,customer|professional,Is Oak Tasar Silk suitable for everyday use?,"Oak Tasar Silk can be suitable for appropriate everyday or occasional products depending on the construction. Check the specific product's weight, weave, finishing and care label before choosing it for frequent use.","oak tasar silk, everyday, selection",Curated Vastra domain knowledge
VASTRA-00021,handloom,Materials,customer|professional,What is Eri Silk and what is it used for?,"Eri Silk is a vanya silk. Common handloom uses include shawls, scarves, garments and blends. The exact characteristics depend on yarn quality, weave structure, finishing and construction.","eri silk, material, uses",Curated Vastra domain knowledge
VASTRA-00022,handloom,Material Care,customer,How should I wash Eri Silk?,Use gentle washing only when the care label permits; otherwise use professional cleaning.,"eri silk, wash, cleaning",Curated Vastra domain knowledge
VASTRA-00023,handloom,Material Care,customer,How should I iron Eri Silk?,Low heat or gentle steam if permitted.,"eri silk, iron, pressing",Curated Vastra domain knowledge
VASTRA-00024,handloom,Material Care,customer,How should I store Eri Silk?,"Store clean, dry and away from strong light.","eri silk, storage",Curated Vastra domain knowledge
VASTRA-00025,handloom,Material Selection,customer|professional,Is Eri Silk suitable for everyday use?,"Eri Silk can be suitable for appropriate everyday or occasional products depending on the construction. Check the specific product's weight, weave, finishing and care label before choosing it for frequent use.","eri silk, everyday, selection",Curated Vastra domain knowledge
VASTRA-00026,handloom,Materials,customer|professional,What is Muga Silk and what is it used for?,"Muga Silk is a vanya silk. Common handloom uses include Assamese ceremonial textiles and premium sarees. The exact characteristics depend on yarn quality, weave structure, finishing and construction.","muga silk, material, uses",Curated Vastra domain knowledge
VASTRA-00027,handloom,Material Care,customer,How should I wash Muga Silk?,Follow product-specific care. Valuable Muga pieces are best handled conservatively and professionally cleaned when the label recommends it.,"muga silk, wash, cleaning",Curated Vastra domain knowledge
VASTRA-00028,handloom,Material Care,customer,How should I iron Muga Silk?,Low heat with a pressing cloth if ironing is allowed.,"muga silk, iron, pressing",Curated Vastra domain knowledge
VASTRA-00029,handloom,Material Care,customer,How should I store Muga Silk?,"Store dry, clean and protected from excessive light and moisture.","muga silk, storage",Curated Vastra domain knowledge
VASTRA-00030,handloom,Material Selection,customer|professional,Is Muga Silk suitable for everyday use?,"Muga Silk can be suitable for appropriate everyday or occasional products depending on the construction. Check the specific product's weight, weave, finishing and care label before choosing it for frequent use.","muga silk, everyday, selection",Curated Vastra domain knowledge
VASTRA-00031,handloom,Materials,customer|professional,What is Cotton and what is it used for?,"Cotton is a cellulosic natural fibre. Common handloom uses include sarees, dhotis, veshtis, towels, shirts, bedsheets and home textiles. The exact characteristics depend on yarn quality, weave structure, finishing and construction.","cotton, material, uses",Curated Vastra domain knowledge
VASTRA-00032,handloom,Material Care,customer,How should I wash Cotton?,"Many cotton handlooms are washable, but follow the care label. Gentle washing and mild detergent are safer for dyed products.","cotton, wash, cleaning",Curated Vastra domain knowledge
VASTRA-00033,handloom,Material Care,customer,How should I iron Cotton?,"Cotton usually tolerates moderate heat, but the care label determines the safe setting.","cotton, iron, pressing",Curated Vastra domain knowledge
VASTRA-00034,handloom,Material Care,customer,How should I store Cotton?,"Store completely dry in a clean, ventilated place.","cotton, storage",Curated Vastra domain knowledge
VASTRA-00035,handloom,Material Selection,customer|professional,Is Cotton suitable for everyday use?,"Cotton can be suitable for appropriate everyday or occasional products depending on the construction. Check the specific product's weight, weave, finishing and care label before choosing it for frequent use.","cotton, everyday, selection",Curated Vastra domain knowledge
VASTRA-00036,handloom,Materials,customer|professional,What is Khadi Cotton and what is it used for?,"Khadi Cotton is a hand-spun cotton textile. Common handloom uses include sarees, shirts, kurtas, dhotis and everyday clothing. The exact characteristics depend on yarn quality, weave structure, finishing and construction.","khadi cotton, material, uses",Curated Vastra domain knowledge
VASTRA-00037,handloom,Material Care,customer,How should I wash Khadi Cotton?,Use gentle washing according to the label. Avoid aggressive detergents and prolonged soaking.,"khadi cotton, wash, cleaning",Curated Vastra domain knowledge
VASTRA-00038,handloom,Material Care,customer,How should I iron Khadi Cotton?,Use a cotton-appropriate setting while respecting the care label.,"khadi cotton, iron, pressing",Curated Vastra domain knowledge
VASTRA-00039,handloom,Material Care,customer,How should I store Khadi Cotton?,Keep dry and ventilated; avoid storing damp.,"khadi cotton, storage",Curated Vastra domain knowledge
VASTRA-00040,handloom,Material Selection,customer|professional,Is Khadi Cotton suitable for everyday use?,"Khadi Cotton can be suitable for appropriate everyday or occasional products depending on the construction. Check the specific product's weight, weave, finishing and care label before choosing it for frequent use.","khadi cotton, everyday, selection",Curated Vastra domain knowledge
VASTRA-00041,handloom,Materials,customer|professional,What is Linen and what is it used for?,"Linen is a cellulosic bast fibre. Common handloom uses include summer sarees, shirts, trousers, table linen and home textiles. The exact characteristics depend on yarn quality, weave structure, finishing and construction.","linen, material, uses",Curated Vastra domain knowledge
VASTRA-00042,handloom,Material Care,customer,How should I wash Linen?,Often washable according to the label; gentle washing helps preserve texture and shape.,"linen, wash, cleaning",Curated Vastra domain knowledge
VASTRA-00043,handloom,Material Care,customer,How should I iron Linen?,"Linen can tolerate more heat than delicate fibres, but follow the label and use a pressing cloth when appropriate.","linen, iron, pressing",Curated Vastra domain knowledge
VASTRA-00044,handloom,Material Care,customer,How should I store Linen?,Store dry and ventilated.,"linen, storage",Curated Vastra domain knowledge
VASTRA-00045,handloom,Material Selection,customer|professional,Is Linen suitable for everyday use?,"Linen can be suitable for appropriate everyday or occasional products depending on the construction. Check the specific product's weight, weave, finishing and care label before choosing it for frequent use.","linen, everyday, selection",Curated Vastra domain knowledge
VASTRA-00046,handloom,Materials,customer|professional,What is Jute and what is it used for?,"Jute is a cellulosic bast fibre. Common handloom uses include bags, mats, rugs and home décor. The exact characteristics depend on yarn quality, weave structure, finishing and construction.","jute, material, uses",Curated Vastra domain knowledge
VASTRA-00047,handloom,Material Care,customer,How should I wash Jute?,Cleaning depends on construction; avoid soaking unless the care label explicitly allows it.,"jute, wash, cleaning",Curated Vastra domain knowledge
VASTRA-00048,handloom,Material Care,customer,How should I iron Jute?,Low to moderate heat with a pressing cloth if ironing is necessary.,"jute, iron, pressing",Curated Vastra domain knowledge
VASTRA-00049,handloom,Material Care,customer,How should I store Jute?,Keep completely dry to reduce mildew risk.,"jute, storage",Curated Vastra domain knowledge
VASTRA-00050,handloom,Material Selection,customer|professional,Is Jute suitable for everyday use?,"Jute can be suitable for appropriate everyday or occasional products depending on the construction. Check the specific product's weight, weave, finishing and care label before choosing it for frequent use.","jute, everyday, selection",Curated Vastra domain knowledge
VASTRA-00051,handloom,Materials,customer|professional,What is Wool and what is it used for?,"Wool is a animal protein fibre. Common handloom uses include shawls, blankets, winter garments and accessories. The exact characteristics depend on yarn quality, weave structure, finishing and construction.","wool, material, uses",Curated Vastra domain knowledge
VASTRA-00052,handloom,Material Care,customer,How should I wash Wool?,Use gentle hand washing or professional cleaning according to the label. Avoid hot water and vigorous agitation unless permitted.,"wool, wash, cleaning",Curated Vastra domain knowledge
VASTRA-00053,handloom,Material Care,customer,How should I iron Wool?,Low heat; avoid crushing. Gentle steaming may be suitable when the label allows it.,"wool, iron, pressing",Curated Vastra domain knowledge
VASTRA-00054,handloom,Material Care,customer,How should I store Wool?,"Store clean, dry and protected from insects.","wool, storage",Curated Vastra domain knowledge
VASTRA-00055,handloom,Material Selection,customer|professional,Is Wool suitable for everyday use?,"Wool can be suitable for appropriate everyday or occasional products depending on the construction. Check the specific product's weight, weave, finishing and care label before choosing it for frequent use.","wool, everyday, selection",Curated Vastra domain knowledge
VASTRA-00056,handloom,Materials,customer|professional,What is Pashmina and what is it used for?,"Pashmina is a fine animal fibre. Common handloom uses include shawls, stoles and luxury wraps. The exact characteristics depend on yarn quality, weave structure, finishing and construction.","pashmina, material, uses",Curated Vastra domain knowledge
VASTRA-00057,handloom,Material Care,customer,How should I wash Pashmina?,Professional cleaning is often safest for valuable pieces unless the care label says otherwise.,"pashmina, wash, cleaning",Curated Vastra domain knowledge
VASTRA-00058,handloom,Material Care,customer,How should I iron Pashmina?,Low heat or gentle steaming if permitted; avoid direct high heat.,"pashmina, iron, pressing",Curated Vastra domain knowledge
VASTRA-00059,handloom,Material Care,customer,How should I store Pashmina?,Fold loosely in breathable storage; protect from insects and moisture.,"pashmina, storage",Curated Vastra domain knowledge
VASTRA-00060,handloom,Material Selection,customer|professional,Is Pashmina suitable for everyday use?,"Pashmina can be suitable for appropriate everyday or occasional products depending on the construction. Check the specific product's weight, weave, finishing and care label before choosing it for frequent use.","pashmina, everyday, selection",Curated Vastra domain knowledge
VASTRA-00061,handloom,Materials,customer|professional,What is Yak Wool and what is it used for?,"Yak Wool is a animal fibre. Common handloom uses include shawls, wraps and winter textiles. The exact characteristics depend on yarn quality, weave structure, finishing and construction.","yak wool, material, uses",Curated Vastra domain knowledge
VASTRA-00062,handloom,Material Care,customer,How should I wash Yak Wool?,Use the product care label; gentle cleaning is preferred.,"yak wool, wash, cleaning",Curated Vastra domain knowledge
VASTRA-00063,handloom,Material Care,customer,How should I iron Yak Wool?,Low heat only when permitted.,"yak wool, iron, pressing",Curated Vastra domain knowledge
VASTRA-00064,handloom,Material Care,customer,How should I store Yak Wool?,Store dry and protected from insects.,"yak wool, storage",Curated Vastra domain knowledge
VASTRA-00065,handloom,Material Selection,customer|professional,Is Yak Wool suitable for everyday use?,"Yak Wool can be suitable for appropriate everyday or occasional products depending on the construction. Check the specific product's weight, weave, finishing and care label before choosing it for frequent use.","yak wool, everyday, selection",Curated Vastra domain knowledge
VASTRA-00066,handloom,Materials,customer|professional,What is Silk-Cotton Blend and what is it used for?,"Silk-Cotton Blend is a blended fibre. Common handloom uses include sarees, dress materials and lightweight garments. The exact characteristics depend on yarn quality, weave structure, finishing and construction.","silk-cotton blend, material, uses",Curated Vastra domain knowledge
VASTRA-00067,handloom,Material Care,customer,How should I wash Silk-Cotton Blend?,Follow the label because care depends on the blend ratio and finishing. Gentle washing is safer than harsh treatment.,"silk-cotton blend, wash, cleaning",Curated Vastra domain knowledge
VASTRA-00068,handloom,Material Care,customer,How should I iron Silk-Cotton Blend?,Use the lower-temperature requirement of the blend.,"silk-cotton blend, iron, pressing",Curated Vastra domain knowledge
VASTRA-00069,handloom,Material Care,customer,How should I store Silk-Cotton Blend?,Store clean and dry.,"silk-cotton blend, storage",Curated Vastra domain knowledge
VASTRA-00070,handloom,Material Selection,customer|professional,Is Silk-Cotton Blend suitable for everyday use?,"Silk-Cotton Blend can be suitable for appropriate everyday or occasional products depending on the construction. Check the specific product's weight, weave, finishing and care label before choosing it for frequent use.","silk-cotton blend, everyday, selection",Curated Vastra domain knowledge
VASTRA-00071,handloom,Materials,customer|professional,What is Cotton-Linen Blend and what is it used for?,"Cotton-Linen Blend is a blended fibre. Common handloom uses include summer clothing, sarees and home textiles. The exact characteristics depend on yarn quality, weave structure, finishing and construction.","cotton-linen blend, material, uses",Curated Vastra domain knowledge
VASTRA-00072,handloom,Material Care,customer,How should I wash Cotton-Linen Blend?,Gentle washing according to the label is generally appropriate.,"cotton-linen blend, wash, cleaning",Curated Vastra domain knowledge
VASTRA-00073,handloom,Material Care,customer,How should I iron Cotton-Linen Blend?,Moderate heat only if permitted.,"cotton-linen blend, iron, pressing",Curated Vastra domain knowledge
VASTRA-00074,handloom,Material Care,customer,How should I store Cotton-Linen Blend?,Store dry and ventilated.,"cotton-linen blend, storage",Curated Vastra domain knowledge
VASTRA-00075,handloom,Material Selection,customer|professional,Is Cotton-Linen Blend suitable for everyday use?,"Cotton-Linen Blend can be suitable for appropriate everyday or occasional products depending on the construction. Check the specific product's weight, weave, finishing and care label before choosing it for frequent use.","cotton-linen blend, everyday, selection",Curated Vastra domain knowledge
VASTRA-00076,handloom,Materials,customer|professional,What is Viscose/Rayon and what is it used for?,"Viscose/Rayon is a regenerated cellulosic fibre. Common handloom uses include dresses, sarees, stoles and fashion textiles. The exact characteristics depend on yarn quality, weave structure, finishing and construction.","viscose/rayon, material, uses",Curated Vastra domain knowledge
VASTRA-00077,handloom,Material Care,customer,How should I wash Viscose/Rayon?,Carefully follow the label; some viscose fabrics can weaken or distort when wet.,"viscose/rayon, wash, cleaning",Curated Vastra domain knowledge
VASTRA-00078,handloom,Material Care,customer,How should I iron Viscose/Rayon?,Low heat is safer; avoid excessive heat.,"viscose/rayon, iron, pressing",Curated Vastra domain knowledge
VASTRA-00079,handloom,Material Care,customer,How should I store Viscose/Rayon?,Store dry and avoid prolonged compression.,"viscose/rayon, storage",Curated Vastra domain knowledge
VASTRA-00080,handloom,Material Selection,customer|professional,Is Viscose/Rayon suitable for everyday use?,"Viscose/Rayon can be suitable for appropriate everyday or occasional products depending on the construction. Check the specific product's weight, weave, finishing and care label before choosing it for frequent use.","viscose/rayon, everyday, selection",Curated Vastra domain knowledge
VASTRA-00081,handloom,Materials,customer|professional,What is Bamboo Viscose and what is it used for?,"Bamboo Viscose is a regenerated cellulosic fibre. Common handloom uses include soft garments and blended textiles. The exact characteristics depend on yarn quality, weave structure, finishing and construction.","bamboo viscose, material, uses",Curated Vastra domain knowledge
VASTRA-00082,handloom,Material Care,customer,How should I wash Bamboo Viscose?,Follow the label and prefer gentle washing.,"bamboo viscose, wash, cleaning",Curated Vastra domain knowledge
VASTRA-00083,handloom,Material Care,customer,How should I iron Bamboo Viscose?,Low to medium heat if permitted.,"bamboo viscose, iron, pressing",Curated Vastra domain knowledge
VASTRA-00084,handloom,Material Care,customer,How should I store Bamboo Viscose?,Store dry and away from prolonged direct light.,"bamboo viscose, storage",Curated Vastra domain knowledge
VASTRA-00085,handloom,Material Selection,customer|professional,Is Bamboo Viscose suitable for everyday use?,"Bamboo Viscose can be suitable for appropriate everyday or occasional products depending on the construction. Check the specific product's weight, weave, finishing and care label before choosing it for frequent use.","bamboo viscose, everyday, selection",Curated Vastra domain knowledge
VASTRA-00086,handloom,Handloom Products,customer|professional|seller,What is a Kanchipuram Silk Saree?,"Kanchipuram Silk Saree is a handloom/textile product associated with Tamil Nadu. Common material descriptions include silk; often zari. It is commonly used for weddings, festivals and ceremonial wear. Rich silk saree tradition associated with Kanchipuram; exact fibre, zari and construction should be verified from the product record.","kanchipuram silk saree, tamil nadu, silk; often zari, handloom",Curated Vastra domain knowledge
VASTRA-00087,handloom,Product Care,customer,How should I wash my Kanchipuram Silk Saree?,"Check the product care label. Because products may contain different fibres, dyes, zari, embroidery or finishes, use the specified washing method rather than assuming a generic method.","kanchipuram silk saree, washing, care",Curated Vastra domain knowledge
VASTRA-00088,handloom,Product Care,customer,How should I iron my Kanchipuram Silk Saree?,Follow the product care label. Use the lowest effective heat and a pressing cloth for delicate or decorative surfaces when permitted.,"kanchipuram silk saree, ironing, care",Curated Vastra domain knowledge
VASTRA-00089,handloom,Product Care,customer,How should I store my Kanchipuram Silk Saree?,"Store clean and completely dry in a breathable, protected environment away from prolonged direct sunlight and moisture.","kanchipuram silk saree, storage, care",Curated Vastra domain knowledge
VASTRA-00090,handloom,Handloom Products,customer|professional|seller,What is a Banarasi Saree?,"Banarasi Saree is a handloom/textile product associated with Uttar Pradesh. Common material descriptions include silk; zari or other decorative yarns. It is commonly used for weddings, festivals and formal wear. Traditional Banaras weaving tradition known for elaborate motifs and brocade-style effects.","banarasi saree, uttar pradesh, silk; zari or other decorative yarns, handloom",Curated Vastra domain knowledge
VASTRA-00091,handloom,Product Care,customer,How should I wash my Banarasi Saree?,"Check the product care label. Because products may contain different fibres, dyes, zari, embroidery or finishes, use the specified washing method rather than assuming a generic method.","banarasi saree, washing, care",Curated Vastra domain knowledge
VASTRA-00092,handloom,Product Care,customer,How should I iron my Banarasi Saree?,Follow the product care label. Use the lowest effective heat and a pressing cloth for delicate or decorative surfaces when permitted.,"banarasi saree, ironing, care",Curated Vastra domain knowledge
VASTRA-00093,handloom,Product Care,customer,How should I store my Banarasi Saree?,"Store clean and completely dry in a breathable, protected environment away from prolonged direct sunlight and moisture.","banarasi saree, storage, care",Curated Vastra domain knowledge
VASTRA-00094,handloom,Handloom Products,customer|professional|seller,What is a Baluchari Saree?,"Baluchari Saree is a handloom/textile product associated with West Bengal. Common material descriptions include silk, commonly Tussar-associated traditions. It is commonly used for formal and ceremonial wear. Traditional handloom silk sari known for narrative and figurative motifs.","baluchari saree, west bengal, silk, commonly tussar-associated traditions, handloom",Curated Vastra domain knowledge
VASTRA-00095,handloom,Product Care,customer,How should I wash my Baluchari Saree?,"Check the product care label. Because products may contain different fibres, dyes, zari, embroidery or finishes, use the specified washing method rather than assuming a generic method.","baluchari saree, washing, care",Curated Vastra domain knowledge
VASTRA-00096,handloom,Product Care,customer,How should I iron my Baluchari Saree?,Follow the product care label. Use the lowest effective heat and a pressing cloth for delicate or decorative surfaces when permitted.,"baluchari saree, ironing, care",Curated Vastra domain knowledge
VASTRA-00097,handloom,Product Care,customer,How should I store my Baluchari Saree?,"Store clean and completely dry in a breathable, protected environment away from prolonged direct sunlight and moisture.","baluchari saree, storage, care",Curated Vastra domain knowledge
VASTRA-00098,handloom,Handloom Products,customer|professional|seller,What is a Paithani Saree?,Paithani Saree is a handloom/textile product associated with Maharashtra. Common material descriptions include silk and/or cotton depending on product. It is commonly used for festive and ceremonial wear. Traditional Paithani weaving is associated with elaborate pallus and distinctive motifs.,"paithani saree, maharashtra, silk and/or cotton depending on product, handloom",Curated Vastra domain knowledge
VASTRA-00099,handloom,Product Care,customer,How should I wash my Paithani Saree?,"Many cotton handlooms are washable, but follow the care label. Gentle washing and mild detergent are safer for dyed products.","paithani saree, washing, care",Curated Vastra domain knowledge
VASTRA-00100,handloom,Product Care,customer,How should I iron my Paithani Saree?,"Cotton usually tolerates moderate heat, but the care label determines the safe setting.","paithani saree, ironing, care",Curated Vastra domain knowledge
VASTRA-00101,handloom,Product Care,customer,How should I store my Paithani Saree?,"Store completely dry in a clean, ventilated place.","paithani saree, storage, care",Curated Vastra domain knowledge
VASTRA-00102,handloom,Handloom Products,customer|professional|seller,What is a Chanderi Saree?,"Chanderi Saree is a handloom/textile product associated with Madhya Pradesh. Common material descriptions include silk, cotton or silk-cotton. It is commonly used for light festive and everyday formal wear. Known for lightweight fabric, fine texture and traditional motifs.","chanderi saree, madhya pradesh, silk, cotton or silk-cotton, handloom",Curated Vastra domain knowledge
VASTRA-00103,handloom,Product Care,customer,How should I wash my Chanderi Saree?,"Many cotton handlooms are washable, but follow the care label. Gentle washing and mild detergent are safer for dyed products.","chanderi saree, washing, care",Curated Vastra domain knowledge
VASTRA-00104,handloom,Product Care,customer,How should I iron my Chanderi Saree?,"Cotton usually tolerates moderate heat, but the care label determines the safe setting.","chanderi saree, ironing, care",Curated Vastra domain knowledge
VASTRA-00105,handloom,Product Care,customer,How should I store my Chanderi Saree?,"Store completely dry in a clean, ventilated place.","chanderi saree, storage, care",Curated Vastra domain knowledge
VASTRA-00106,handloom,Handloom Products,customer|professional|seller,What is a Maheshwari Saree?,"Maheshwari Saree is a handloom/textile product associated with Madhya Pradesh. Common material descriptions include cotton, silk or blends. It is commonly used for everyday formal and festive wear. Associated with Maheshwar and known for distinctive borders and lightweight construction.","maheshwari saree, madhya pradesh, cotton, silk or blends, handloom",Curated Vastra domain knowledge
VASTRA-00107,handloom,Product Care,customer,How should I wash my Maheshwari Saree?,"Many cotton handlooms are washable, but follow the care label. Gentle washing and mild detergent are safer for dyed products.","maheshwari saree, washing, care",Curated Vastra domain knowledge
VASTRA-00108,handloom,Product Care,customer,How should I iron my Maheshwari Saree?,"Cotton usually tolerates moderate heat, but the care label determines the safe setting.","maheshwari saree, ironing, care",Curated Vastra domain knowledge
VASTRA-00109,handloom,Product Care,customer,How should I store my Maheshwari Saree?,"Store completely dry in a clean, ventilated place.","maheshwari saree, storage, care",Curated Vastra domain knowledge
VASTRA-00110,handloom,Handloom Products,customer|professional|seller,What is a Pochampally Ikat Saree?,"Pochampally Ikat Saree is a handloom/textile product associated with Telangana. Common material descriptions include cotton, silk or blends. It is commonly used for everyday and festive wear. Ikat patterns are created by resist-dyeing yarns before weaving.","pochampally ikat saree, telangana, cotton, silk or blends, handloom",Curated Vastra domain knowledge
VASTRA-00111,handloom,Product Care,customer,How should I wash my Pochampally Ikat Saree?,"Many cotton handlooms are washable, but follow the care label. Gentle washing and mild detergent are safer for dyed products.","pochampally ikat saree, washing, care",Curated Vastra domain knowledge
VASTRA-00112,handloom,Product Care,customer,How should I iron my Pochampally Ikat Saree?,"Cotton usually tolerates moderate heat, but the care label determines the safe setting.","pochampally ikat saree, ironing, care",Curated Vastra domain knowledge
VASTRA-00113,handloom,Product Care,customer,How should I store my Pochampally Ikat Saree?,"Store completely dry in a clean, ventilated place.","pochampally ikat saree, storage, care",Curated Vastra domain knowledge
VASTRA-00114,handloom,Handloom Products,customer|professional|seller,What is a Uppada Jamdani Saree?,Uppada Jamdani Saree is a handloom/textile product associated with Andhra Pradesh. Common material descriptions include fine cotton and other variants. It is commonly used for formal and festive wear. Known for delicate Jamdani motifs and fine handloom construction.,"uppada jamdani saree, andhra pradesh, fine cotton and other variants, handloom",Curated Vastra domain knowledge
VASTRA-00115,handloom,Product Care,customer,How should I wash my Uppada Jamdani Saree?,"Many cotton handlooms are washable, but follow the care label. Gentle washing and mild detergent are safer for dyed products.","uppada jamdani saree, washing, care",Curated Vastra domain knowledge
VASTRA-00116,handloom,Product Care,customer,How should I iron my Uppada Jamdani Saree?,"Cotton usually tolerates moderate heat, but the care label determines the safe setting.","uppada jamdani saree, ironing, care",Curated Vastra domain knowledge
VASTRA-00117,handloom,Product Care,customer,How should I store my Uppada Jamdani Saree?,"Store completely dry in a clean, ventilated place.","uppada jamdani saree, storage, care",Curated Vastra domain knowledge
VASTRA-00118,handloom,Handloom Products,customer|professional|seller,What is a Gadwal Saree?,Gadwal Saree is a handloom/textile product associated with Telangana. Common material descriptions include silk-cotton and related constructions. It is commonly used for festive and ceremonial wear. Known for distinctive body and border/pallu construction.,"gadwal saree, telangana, silk-cotton and related constructions, handloom",Curated Vastra domain knowledge
VASTRA-00119,handloom,Product Care,customer,How should I wash my Gadwal Saree?,"Many cotton handlooms are washable, but follow the care label. Gentle washing and mild detergent are safer for dyed products.","gadwal saree, washing, care",Curated Vastra domain knowledge
VASTRA-00120,handloom,Product Care,customer,How should I iron my Gadwal Saree?,"Cotton usually tolerates moderate heat, but the care label determines the safe setting.","gadwal saree, ironing, care",Curated Vastra domain knowledge
VASTRA-00121,handloom,Product Care,customer,How should I store my Gadwal Saree?,"Store completely dry in a clean, ventilated place.","gadwal saree, storage, care",Curated Vastra domain knowledge
VASTRA-00122,handloom,Handloom Products,customer|professional|seller,What is a Ilkal Saree?,"Ilkal Saree is a handloom/textile product associated with Karnataka. Common material descriptions include cotton, silk-cotton and related variants. It is commonly used for everyday and festive wear. Traditional Ilkal sarees are known for characteristic borders and pallu construction.","ilkal saree, karnataka, cotton, silk-cotton and related variants, handloom",Curated Vastra domain knowledge
VASTRA-00123,handloom,Product Care,customer,How should I wash my Ilkal Saree?,"Many cotton handlooms are washable, but follow the care label. Gentle washing and mild detergent are safer for dyed products.","ilkal saree, washing, care",Curated Vastra domain knowledge
VASTRA-00124,handloom,Product Care,customer,How should I iron my Ilkal Saree?,"Cotton usually tolerates moderate heat, but the care label determines the safe setting.","ilkal saree, ironing, care",Curated Vastra domain knowledge
VASTRA-00125,handloom,Product Care,customer,How should I store my Ilkal Saree?,"Store completely dry in a clean, ventilated place.","ilkal saree, storage, care",Curated Vastra domain knowledge
VASTRA-00126,handloom,Handloom Products,customer|professional|seller,What is a Molkalmuru Silk Saree?,Molkalmuru Silk Saree is a handloom/textile product associated with Karnataka. Common material descriptions include silk. It is commonly used for festive and ceremonial wear. Traditional Karnataka silk handloom associated with Molkalmuru.,"molkalmuru silk saree, karnataka, silk, handloom",Curated Vastra domain knowledge
VASTRA-00127,handloom,Product Care,customer,How should I wash my Molkalmuru Silk Saree?,"Check the product care label. Because products may contain different fibres, dyes, zari, embroidery or finishes, use the specified washing method rather than assuming a generic method.","molkalmuru silk saree, washing, care",Curated Vastra domain knowledge
VASTRA-00128,handloom,Product Care,customer,How should I iron my Molkalmuru Silk Saree?,Follow the product care label. Use the lowest effective heat and a pressing cloth for delicate or decorative surfaces when permitted.,"molkalmuru silk saree, ironing, care",Curated Vastra domain knowledge
VASTRA-00129,handloom,Product Care,customer,How should I store my Molkalmuru Silk Saree?,"Store clean and completely dry in a breathable, protected environment away from prolonged direct sunlight and moisture.","molkalmuru silk saree, storage, care",Curated Vastra domain knowledge
VASTRA-00130,handloom,Handloom Products,customer|professional|seller,What is a Narayanpet Saree?,Narayanpet Saree is a handloom/textile product associated with Telangana. Common material descriptions include cotton and silk variants. It is commonly used for everyday and festive wear. Narayanpet handloom sarees include cotton and silk variants with characteristic borders and designs.,"narayanpet saree, telangana, cotton and silk variants, handloom",Curated Vastra domain knowledge
VASTRA-00131,handloom,Product Care,customer,How should I wash my Narayanpet Saree?,"Many cotton handlooms are washable, but follow the care label. Gentle washing and mild detergent are safer for dyed products.","narayanpet saree, washing, care",Curated Vastra domain knowledge
VASTRA-00132,handloom,Product Care,customer,How should I iron my Narayanpet Saree?,"Cotton usually tolerates moderate heat, but the care label determines the safe setting.","narayanpet saree, ironing, care",Curated Vastra domain knowledge
VASTRA-00133,handloom,Product Care,customer,How should I store my Narayanpet Saree?,"Store completely dry in a clean, ventilated place.","narayanpet saree, storage, care",Curated Vastra domain knowledge
VASTRA-00134,handloom,Handloom Products,customer|professional|seller,What is a Sambalpuri Ikat Saree?,Sambalpuri Ikat Saree is a handloom/textile product associated with Odisha. Common material descriptions include cotton and silk. It is commonly used for everyday and festive wear. Odisha Ikat tradition with yarn resist-dyed patterns.,"sambalpuri ikat saree, odisha, cotton and silk, handloom",Curated Vastra domain knowledge
VASTRA-00135,handloom,Product Care,customer,How should I wash my Sambalpuri Ikat Saree?,"Many cotton handlooms are washable, but follow the care label. Gentle washing and mild detergent are safer for dyed products.","sambalpuri ikat saree, washing, care",Curated Vastra domain knowledge
VASTRA-00136,handloom,Product Care,customer,How should I iron my Sambalpuri Ikat Saree?,"Cotton usually tolerates moderate heat, but the care label determines the safe setting.","sambalpuri ikat saree, ironing, care",Curated Vastra domain knowledge
VASTRA-00137,handloom,Product Care,customer,How should I store my Sambalpuri Ikat Saree?,"Store completely dry in a clean, ventilated place.","sambalpuri ikat saree, storage, care",Curated Vastra domain knowledge
VASTRA-00138,handloom,Handloom Products,customer|professional|seller,What is a Bomkai Saree?,Bomkai Saree is a handloom/textile product associated with Odisha. Common material descriptions include cotton and silk variants. It is commonly used for festive and formal wear. Known for intricate motifs and traditional Odisha weaving.,"bomkai saree, odisha, cotton and silk variants, handloom",Curated Vastra domain knowledge
VASTRA-00139,handloom,Product Care,customer,How should I wash my Bomkai Saree?,"Many cotton handlooms are washable, but follow the care label. Gentle washing and mild detergent are safer for dyed products.","bomkai saree, washing, care",Curated Vastra domain knowledge
VASTRA-00140,handloom,Product Care,customer,How should I iron my Bomkai Saree?,"Cotton usually tolerates moderate heat, but the care label determines the safe setting.","bomkai saree, ironing, care",Curated Vastra domain knowledge
VASTRA-00141,handloom,Product Care,customer,How should I store my Bomkai Saree?,"Store completely dry in a clean, ventilated place.","bomkai saree, storage, care",Curated Vastra domain knowledge
VASTRA-00142,handloom,Handloom Products,customer|professional|seller,What is a Khandua Saree?,Khandua Saree is a handloom/textile product associated with Odisha. Common material descriptions include silk/cotton variants. It is commonly used for festive and ceremonial wear. Traditional Odisha textile associated with distinctive motifs and weaving.,"khandua saree, odisha, silk/cotton variants, handloom",Curated Vastra domain knowledge
VASTRA-00143,handloom,Product Care,customer,How should I wash my Khandua Saree?,"Many cotton handlooms are washable, but follow the care label. Gentle washing and mild detergent are safer for dyed products.","khandua saree, washing, care",Curated Vastra domain knowledge
VASTRA-00144,handloom,Product Care,customer,How should I iron my Khandua Saree?,"Cotton usually tolerates moderate heat, but the care label determines the safe setting.","khandua saree, ironing, care",Curated Vastra domain knowledge
VASTRA-00145,handloom,Product Care,customer,How should I store my Khandua Saree?,"Store completely dry in a clean, ventilated place.","khandua saree, storage, care",Curated Vastra domain knowledge
VASTRA-00146,handloom,Handloom Products,customer|professional|seller,What is a Tussar Saree?,Tussar Saree is a handloom/textile product associated with multiple Indian regions. Common material descriptions include Tussar silk. It is commonly used for festive and formal wear. Tussar textiles have characteristic texture and natural variation.,"tussar saree, multiple indian regions, tussar silk, handloom",Curated Vastra domain knowledge
VASTRA-00147,handloom,Product Care,customer,How should I wash my Tussar Saree?,"Check the product care label. Because products may contain different fibres, dyes, zari, embroidery or finishes, use the specified washing method rather than assuming a generic method.","tussar saree, washing, care",Curated Vastra domain knowledge
VASTRA-00148,handloom,Product Care,customer,How should I iron my Tussar Saree?,Follow the product care label. Use the lowest effective heat and a pressing cloth for delicate or decorative surfaces when permitted.,"tussar saree, ironing, care",Curated Vastra domain knowledge
VASTRA-00149,handloom,Product Care,customer,How should I store my Tussar Saree?,"Store clean and completely dry in a breathable, protected environment away from prolonged direct sunlight and moisture.","tussar saree, storage, care",Curated Vastra domain knowledge
VASTRA-00150,handloom,Handloom Products,customer|professional|seller,What is a Muga Silk Saree?,Muga Silk Saree is a handloom/textile product associated with Assam. Common material descriptions include Muga silk. It is commonly used for ceremonial and premium wear. Muga silk is a distinctive Assamese silk with natural golden character.,"muga silk saree, assam, muga silk, handloom",Curated Vastra domain knowledge
VASTRA-00151,handloom,Product Care,customer,How should I wash my Muga Silk Saree?,Follow product-specific care. Valuable Muga pieces are best handled conservatively and professionally cleaned when the label recommends it.,"muga silk saree, washing, care",Curated Vastra domain knowledge
VASTRA-00152,handloom,Product Care,customer,How should I iron my Muga Silk Saree?,Low heat with a pressing cloth if ironing is allowed.,"muga silk saree, ironing, care",Curated Vastra domain knowledge
VASTRA-00153,handloom,Product Care,customer,How should I store my Muga Silk Saree?,"Store dry, clean and protected from excessive light and moisture.","muga silk saree, storage, care",Curated Vastra domain knowledge
VASTRA-00154,handloom,Handloom Products,customer|professional|seller,What is a Eri Silk Shawl?,"Eri Silk Shawl is a handloom/textile product associated with Assam/Northeast. Common material descriptions include Eri silk. It is commonly used for winter and ceremonial use. Eri silk is widely used for soft, textured shawls and garments.","eri silk shawl, assam/northeast, eri silk, handloom",Curated Vastra domain knowledge
VASTRA-00155,handloom,Product Care,customer,How should I wash my Eri Silk Shawl?,Use gentle washing only when the care label permits; otherwise use professional cleaning.,"eri silk shawl, washing, care",Curated Vastra domain knowledge
VASTRA-00156,handloom,Product Care,customer,How should I iron my Eri Silk Shawl?,Low heat or gentle steam if permitted.,"eri silk shawl, ironing, care",Curated Vastra domain knowledge
VASTRA-00157,handloom,Product Care,customer,How should I store my Eri Silk Shawl?,"Store clean, dry and away from strong light.","eri silk shawl, storage, care",Curated Vastra domain knowledge
VASTRA-00158,handloom,Handloom Products,customer|professional|seller,What is a Kosa Silk Saree?,Kosa Silk Saree is a handloom/textile product associated with Chhattisgarh. Common material descriptions include Tussar/Kosa silk. It is commonly used for festive and formal wear. Kosa is a regional term associated with Tussar silk traditions in Chhattisgarh.,"kosa silk saree, chhattisgarh, tussar/kosa silk, handloom",Curated Vastra domain knowledge
VASTRA-00159,handloom,Product Care,customer,How should I wash my Kosa Silk Saree?,"Check the product care label. Because products may contain different fibres, dyes, zari, embroidery or finishes, use the specified washing method rather than assuming a generic method.","kosa silk saree, washing, care",Curated Vastra domain knowledge
VASTRA-00160,handloom,Product Care,customer,How should I iron my Kosa Silk Saree?,Follow the product care label. Use the lowest effective heat and a pressing cloth for delicate or decorative surfaces when permitted.,"kosa silk saree, ironing, care",Curated Vastra domain knowledge
VASTRA-00161,handloom,Product Care,customer,How should I store my Kosa Silk Saree?,"Store clean and completely dry in a breathable, protected environment away from prolonged direct sunlight and moisture.","kosa silk saree, storage, care",Curated Vastra domain knowledge
VASTRA-00162,handloom,Handloom Products,customer|professional|seller,What is a Dhakai Jamdani?,Dhakai Jamdani is a handloom/textile product associated with Bangladesh and South Asian textile tradition. Common material descriptions include cotton and silk variants. It is commonly used for formal and heritage wear. Jamdani is known for intricate supplementary-weft motifs; verify origin and authenticity for specific products.,"dhakai jamdani, bangladesh and south asian textile tradition, cotton and silk variants, handloom",Curated Vastra domain knowledge
VASTRA-00163,handloom,Product Care,customer,How should I wash my Dhakai Jamdani?,"Many cotton handlooms are washable, but follow the care label. Gentle washing and mild detergent are safer for dyed products.","dhakai jamdani, washing, care",Curated Vastra domain knowledge
VASTRA-00164,handloom,Product Care,customer,How should I iron my Dhakai Jamdani?,"Cotton usually tolerates moderate heat, but the care label determines the safe setting.","dhakai jamdani, ironing, care",Curated Vastra domain knowledge
VASTRA-00165,handloom,Product Care,customer,How should I store my Dhakai Jamdani?,"Store completely dry in a clean, ventilated place.","dhakai jamdani, storage, care",Curated Vastra domain knowledge
VASTRA-00166,handloom,Handloom Products,customer|professional|seller,What is a Tangail Saree?,Tangail Saree is a handloom/textile product associated with West Bengal/Bangladesh textile tradition. Common material descriptions include cotton and silk variants. It is commonly used for formal and festive wear. Tangail traditions include fine handwoven sarees with patterned structures.,"tangail saree, west bengal/bangladesh textile tradition, cotton and silk variants, handloom",Curated Vastra domain knowledge
VASTRA-00167,handloom,Product Care,customer,How should I wash my Tangail Saree?,"Many cotton handlooms are washable, but follow the care label. Gentle washing and mild detergent are safer for dyed products.","tangail saree, washing, care",Curated Vastra domain knowledge
VASTRA-00168,handloom,Product Care,customer,How should I iron my Tangail Saree?,"Cotton usually tolerates moderate heat, but the care label determines the safe setting.","tangail saree, ironing, care",Curated Vastra domain knowledge
VASTRA-00169,handloom,Product Care,customer,How should I store my Tangail Saree?,"Store completely dry in a clean, ventilated place.","tangail saree, storage, care",Curated Vastra domain knowledge
VASTRA-00170,handloom,Handloom Products,customer|professional|seller,What is a Tant Saree?,Tant Saree is a handloom/textile product associated with West Bengal. Common material descriptions include cotton. It is commonly used for summer and everyday wear. Lightweight cotton handloom saree associated with Bengal.,"tant saree, west bengal, cotton, handloom",Curated Vastra domain knowledge
VASTRA-00171,handloom,Product Care,customer,How should I wash my Tant Saree?,"Many cotton handlooms are washable, but follow the care label. Gentle washing and mild detergent are safer for dyed products.","tant saree, washing, care",Curated Vastra domain knowledge
VASTRA-00172,handloom,Product Care,customer,How should I iron my Tant Saree?,"Cotton usually tolerates moderate heat, but the care label determines the safe setting.","tant saree, ironing, care",Curated Vastra domain knowledge
VASTRA-00173,handloom,Product Care,customer,How should I store my Tant Saree?,"Store completely dry in a clean, ventilated place.","tant saree, storage, care",Curated Vastra domain knowledge
VASTRA-00174,handloom,Handloom Products,customer|professional|seller,What is a Garad Saree?,Garad Saree is a handloom/textile product associated with West Bengal. Common material descriptions include silk. It is commonly used for traditional and ceremonial wear. Traditional Bengal silk saree style.,"garad saree, west bengal, silk, handloom",Curated Vastra domain knowledge
VASTRA-00175,handloom,Product Care,customer,How should I wash my Garad Saree?,"Check the product care label. Because products may contain different fibres, dyes, zari, embroidery or finishes, use the specified washing method rather than assuming a generic method.","garad saree, washing, care",Curated Vastra domain knowledge
VASTRA-00176,handloom,Product Care,customer,How should I iron my Garad Saree?,Follow the product care label. Use the lowest effective heat and a pressing cloth for delicate or decorative surfaces when permitted.,"garad saree, ironing, care",Curated Vastra domain knowledge
VASTRA-00177,handloom,Product Care,customer,How should I store my Garad Saree?,"Store clean and completely dry in a breathable, protected environment away from prolonged direct sunlight and moisture.","garad saree, storage, care",Curated Vastra domain knowledge
VASTRA-00178,handloom,Handloom Products,customer|professional|seller,What is a Jamdani Saree?,Jamdani Saree is a handloom/textile product associated with India/Bangladesh traditions. Common material descriptions include cotton and silk variants. It is commonly used for formal and festive wear. Known for supplementary-weft motifs woven into the fabric.,"jamdani saree, india/bangladesh traditions, cotton and silk variants, handloom",Curated Vastra domain knowledge
VASTRA-00179,handloom,Product Care,customer,How should I wash my Jamdani Saree?,"Many cotton handlooms are washable, but follow the care label. Gentle washing and mild detergent are safer for dyed products.","jamdani saree, washing, care",Curated Vastra domain knowledge
VASTRA-00180,handloom,Product Care,customer,How should I iron my Jamdani Saree?,"Cotton usually tolerates moderate heat, but the care label determines the safe setting.","jamdani saree, ironing, care",Curated Vastra domain knowledge
VASTRA-00181,handloom,Product Care,customer,How should I store my Jamdani Saree?,"Store completely dry in a clean, ventilated place.","jamdani saree, storage, care",Curated Vastra domain knowledge
VASTRA-00182,handloom,Handloom Products,customer|professional|seller,What is a Khadi Saree?,"Khadi Saree is a handloom/textile product associated with multiple Indian regions. Common material descriptions include hand-spun cotton; silk variants also exist. It is commonly used for everyday, formal and national/heritage wear. Khadi refers to hand-spun and handwoven textile traditions; verify fibre content for each product.","khadi saree, multiple indian regions, hand-spun cotton; silk variants also exist, handloom",Curated Vastra domain knowledge
VASTRA-00183,handloom,Product Care,customer,How should I wash my Khadi Saree?,"Many cotton handlooms are washable, but follow the care label. Gentle washing and mild detergent are safer for dyed products.","khadi saree, washing, care",Curated Vastra domain knowledge
VASTRA-00184,handloom,Product Care,customer,How should I iron my Khadi Saree?,"Cotton usually tolerates moderate heat, but the care label determines the safe setting.","khadi saree, ironing, care",Curated Vastra domain knowledge
VASTRA-00185,handloom,Product Care,customer,How should I store my Khadi Saree?,"Store completely dry in a clean, ventilated place.","khadi saree, storage, care",Curated Vastra domain knowledge
VASTRA-00186,handloom,Handloom Products,customer|professional|seller,What is a Mangalagiri Saree?,Mangalagiri Saree is a handloom/textile product associated with Andhra Pradesh. Common material descriptions include cotton. It is commonly used for everyday and festive wear. Known for fine cotton textures and distinctive borders.,"mangalagiri saree, andhra pradesh, cotton, handloom",Curated Vastra domain knowledge
VASTRA-00187,handloom,Product Care,customer,How should I wash my Mangalagiri Saree?,"Many cotton handlooms are washable, but follow the care label. Gentle washing and mild detergent are safer for dyed products.","mangalagiri saree, washing, care",Curated Vastra domain knowledge
VASTRA-00188,handloom,Product Care,customer,How should I iron my Mangalagiri Saree?,"Cotton usually tolerates moderate heat, but the care label determines the safe setting.","mangalagiri saree, ironing, care",Curated Vastra domain knowledge
VASTRA-00189,handloom,Product Care,customer,How should I store my Mangalagiri Saree?,"Store completely dry in a clean, ventilated place.","mangalagiri saree, storage, care",Curated Vastra domain knowledge
VASTRA-00190,handloom,Handloom Products,customer|professional|seller,What is a Venkatagiri Saree?,Venkatagiri Saree is a handloom/textile product associated with Andhra Pradesh. Common material descriptions include cotton and silk variants. It is commonly used for everyday and festive wear. Traditional lightweight weaving associated with Venkatagiri.,"venkatagiri saree, andhra pradesh, cotton and silk variants, handloom",Curated Vastra domain knowledge
VASTRA-00191,handloom,Product Care,customer,How should I wash my Venkatagiri Saree?,"Many cotton handlooms are washable, but follow the care label. Gentle washing and mild detergent are safer for dyed products.","venkatagiri saree, washing, care",Curated Vastra domain knowledge
VASTRA-00192,handloom,Product Care,customer,How should I iron my Venkatagiri Saree?,"Cotton usually tolerates moderate heat, but the care label determines the safe setting.","venkatagiri saree, ironing, care",Curated Vastra domain knowledge
VASTRA-00193,handloom,Product Care,customer,How should I store my Venkatagiri Saree?,"Store completely dry in a clean, ventilated place.","venkatagiri saree, storage, care",Curated Vastra domain knowledge
VASTRA-00194,handloom,Handloom Products,customer|professional|seller,What is a Balaramapuram Saree?,Balaramapuram Saree is a handloom/textile product associated with Kerala. Common material descriptions include cotton. It is commonly used for everyday and festive wear. Fine cotton handloom associated with Balaramapuram.,"balaramapuram saree, kerala, cotton, handloom",Curated Vastra domain knowledge
VASTRA-00195,handloom,Product Care,customer,How should I wash my Balaramapuram Saree?,"Many cotton handlooms are washable, but follow the care label. Gentle washing and mild detergent are safer for dyed products.","balaramapuram saree, washing, care",Curated Vastra domain knowledge
VASTRA-00196,handloom,Product Care,customer,How should I iron my Balaramapuram Saree?,"Cotton usually tolerates moderate heat, but the care label determines the safe setting.","balaramapuram saree, ironing, care",Curated Vastra domain knowledge
VASTRA-00197,handloom,Product Care,customer,How should I store my Balaramapuram Saree?,"Store completely dry in a clean, ventilated place.","balaramapuram saree, storage, care",Curated Vastra domain knowledge
VASTRA-00198,handloom,Handloom Products,customer|professional|seller,What is a Kasavu Saree?,Kasavu Saree is a handloom/textile product associated with Kerala. Common material descriptions include cotton with decorative metallic border in traditional styles. It is commonly used for festive and ceremonial wear. Traditional Kerala saree style; decorative metallic elements require careful care.,"kasavu saree, kerala, cotton with decorative metallic border in traditional styles, handloom",Curated Vastra domain knowledge
VASTRA-00199,handloom,Product Care,customer,How should I wash my Kasavu Saree?,"Many cotton handlooms are washable, but follow the care label. Gentle washing and mild detergent are safer for dyed products.","kasavu saree, washing, care",Curated Vastra domain knowledge
VASTRA-00200,handloom,Product Care,customer,How should I iron my Kasavu Saree?,"Cotton usually tolerates moderate heat, but the care label determines the safe setting.","kasavu saree, ironing, care",Curated Vastra domain knowledge
VASTRA-00201,handloom,Product Care,customer,How should I store my Kasavu Saree?,"Store completely dry in a clean, ventilated place.","kasavu saree, storage, care",Curated Vastra domain knowledge
VASTRA-00202,handloom,Handloom Products,customer|professional|seller,What is a Chettinad Cotton Saree?,"Chettinad Cotton Saree is a handloom/textile product associated with Tamil Nadu. Common material descriptions include cotton. It is commonly used for everyday wear. Known for strong checks, stripes and bold colour combinations.","chettinad cotton saree, tamil nadu, cotton, handloom",Curated Vastra domain knowledge
VASTRA-00203,handloom,Product Care,customer,How should I wash my Chettinad Cotton Saree?,"Many cotton handlooms are washable, but follow the care label. Gentle washing and mild detergent are safer for dyed products.","chettinad cotton saree, washing, care",Curated Vastra domain knowledge
VASTRA-00204,handloom,Product Care,customer,How should I iron my Chettinad Cotton Saree?,"Cotton usually tolerates moderate heat, but the care label determines the safe setting.","chettinad cotton saree, ironing, care",Curated Vastra domain knowledge
VASTRA-00205,handloom,Product Care,customer,How should I store my Chettinad Cotton Saree?,"Store completely dry in a clean, ventilated place.","chettinad cotton saree, storage, care",Curated Vastra domain knowledge
VASTRA-00206,handloom,Handloom Products,customer|professional|seller,What is a Coimbatore Cotton Saree?,Coimbatore Cotton Saree is a handloom/textile product associated with Tamil Nadu. Common material descriptions include cotton. It is commonly used for everyday and formal wear. Cotton handloom tradition associated with Coimbatore region.,"coimbatore cotton saree, tamil nadu, cotton, handloom",Curated Vastra domain knowledge
VASTRA-00207,handloom,Product Care,customer,How should I wash my Coimbatore Cotton Saree?,"Many cotton handlooms are washable, but follow the care label. Gentle washing and mild detergent are safer for dyed products.","coimbatore cotton saree, washing, care",Curated Vastra domain knowledge
VASTRA-00208,handloom,Product Care,customer,How should I iron my Coimbatore Cotton Saree?,"Cotton usually tolerates moderate heat, but the care label determines the safe setting.","coimbatore cotton saree, ironing, care",Curated Vastra domain knowledge
VASTRA-00209,handloom,Product Care,customer,How should I store my Coimbatore Cotton Saree?,"Store completely dry in a clean, ventilated place.","coimbatore cotton saree, storage, care",Curated Vastra domain knowledge
VASTRA-00210,handloom,Handloom Products,customer|professional|seller,What is a Koorainadu Saree?,Koorainadu Saree is a handloom/textile product associated with Tamil Nadu. Common material descriptions include silk/cotton traditions. It is commonly used for traditional and festive wear. Traditional Tamil textile associated with fine weaving.,"koorainadu saree, tamil nadu, silk/cotton traditions, handloom",Curated Vastra domain knowledge
VASTRA-00211,handloom,Product Care,customer,How should I wash my Koorainadu Saree?,"Many cotton handlooms are washable, but follow the care label. Gentle washing and mild detergent are safer for dyed products.","koorainadu saree, washing, care",Curated Vastra domain knowledge
VASTRA-00212,handloom,Product Care,customer,How should I iron my Koorainadu Saree?,"Cotton usually tolerates moderate heat, but the care label determines the safe setting.","koorainadu saree, ironing, care",Curated Vastra domain knowledge
VASTRA-00213,handloom,Product Care,customer,How should I store my Koorainadu Saree?,"Store completely dry in a clean, ventilated place.","koorainadu saree, storage, care",Curated Vastra domain knowledge
VASTRA-00214,handloom,Handloom Products,customer|professional|seller,What is a Madurai Sungudi?,Madurai Sungudi is a handloom/textile product associated with Tamil Nadu. Common material descriptions include cotton. It is commonly used for everyday and summer wear. Traditional tie-dye/resist textile tradition associated with Madurai.,"madurai sungudi, tamil nadu, cotton, handloom",Curated Vastra domain knowledge
VASTRA-00215,handloom,Product Care,customer,How should I wash my Madurai Sungudi?,"Many cotton handlooms are washable, but follow the care label. Gentle washing and mild detergent are safer for dyed products.","madurai sungudi, washing, care",Curated Vastra domain knowledge
VASTRA-00216,handloom,Product Care,customer,How should I iron my Madurai Sungudi?,"Cotton usually tolerates moderate heat, but the care label determines the safe setting.","madurai sungudi, ironing, care",Curated Vastra domain knowledge
VASTRA-00217,handloom,Product Care,customer,How should I store my Madurai Sungudi?,"Store completely dry in a clean, ventilated place.","madurai sungudi, storage, care",Curated Vastra domain knowledge
VASTRA-00218,handloom,Handloom Products,customer|professional|seller,What is a Dhotis / Veshti?,"Dhotis / Veshti is a handloom/textile product associated with multiple Indian regions. Common material descriptions include cotton, silk and blends. It is commonly used for traditional and formal menswear. A rectangular lower garment; names and construction vary by region.","dhotis / veshti, multiple indian regions, cotton, silk and blends, handloom",Curated Vastra domain knowledge
VASTRA-00219,handloom,Product Care,customer,How should I wash my Dhotis / Veshti?,"Many cotton handlooms are washable, but follow the care label. Gentle washing and mild detergent are safer for dyed products.","dhotis / veshti, washing, care",Curated Vastra domain knowledge
VASTRA-00220,handloom,Product Care,customer,How should I iron my Dhotis / Veshti?,"Cotton usually tolerates moderate heat, but the care label determines the safe setting.","dhotis / veshti, ironing, care",Curated Vastra domain knowledge
VASTRA-00221,handloom,Product Care,customer,How should I store my Dhotis / Veshti?,"Store completely dry in a clean, ventilated place.","dhotis / veshti, storage, care",Curated Vastra domain knowledge
VASTRA-00222,handloom,Handloom Products,customer|professional|seller,What is a Angavastram?,"Angavastram is a handloom/textile product associated with South India. Common material descriptions include cotton or silk. It is commonly used for shoulder cloth, ceremonial and traditional wear. A rectangular drape worn with traditional attire; care depends on material.","angavastram, south india, cotton or silk, handloom",Curated Vastra domain knowledge
VASTRA-00223,handloom,Product Care,customer,How should I wash my Angavastram?,"Many cotton handlooms are washable, but follow the care label. Gentle washing and mild detergent are safer for dyed products.","angavastram, washing, care",Curated Vastra domain knowledge
VASTRA-00224,handloom,Product Care,customer,How should I iron my Angavastram?,"Cotton usually tolerates moderate heat, but the care label determines the safe setting.","angavastram, ironing, care",Curated Vastra domain knowledge
VASTRA-00225,handloom,Product Care,customer,How should I store my Angavastram?,"Store completely dry in a clean, ventilated place.","angavastram, storage, care",Curated Vastra domain knowledge
VASTRA-00226,handloom,Handloom Products,customer|professional|seller,What is a Mundu?,"Mundu is a handloom/textile product associated with Kerala. Common material descriptions include cotton, sometimes decorative border. It is commonly used for everyday and ceremonial menswear. Traditional Kerala lower garment.","mundu, kerala, cotton, sometimes decorative border, handloom",Curated Vastra domain knowledge
VASTRA-00227,handloom,Product Care,customer,How should I wash my Mundu?,"Many cotton handlooms are washable, but follow the care label. Gentle washing and mild detergent are safer for dyed products.","mundu, washing, care",Curated Vastra domain knowledge
VASTRA-00228,handloom,Product Care,customer,How should I iron my Mundu?,"Cotton usually tolerates moderate heat, but the care label determines the safe setting.","mundu, ironing, care",Curated Vastra domain knowledge
VASTRA-00229,handloom,Product Care,customer,How should I store my Mundu?,"Store completely dry in a clean, ventilated place.","mundu, storage, care",Curated Vastra domain knowledge
VASTRA-00230,handloom,Handloom Products,customer|professional|seller,What is a Lungi?,Lungi is a handloom/textile product associated with multiple regions. Common material descriptions include cotton and blends. It is commonly used for everyday wear. Comfort-oriented lower garment commonly made from cotton or blends.,"lungi, multiple regions, cotton and blends, handloom",Curated Vastra domain knowledge
VASTRA-00231,handloom,Product Care,customer,How should I wash my Lungi?,"Many cotton handlooms are washable, but follow the care label. Gentle washing and mild detergent are safer for dyed products.","lungi, washing, care",Curated Vastra domain knowledge
VASTRA-00232,handloom,Product Care,customer,How should I iron my Lungi?,"Cotton usually tolerates moderate heat, but the care label determines the safe setting.","lungi, ironing, care",Curated Vastra domain knowledge
VASTRA-00233,handloom,Product Care,customer,How should I store my Lungi?,"Store completely dry in a clean, ventilated place.","lungi, storage, care",Curated Vastra domain knowledge
VASTRA-00234,handloom,Handloom Products,customer|professional|seller,What is a Shawl?,"Shawl is a handloom/textile product associated with multiple regions. Common material descriptions include wool, pashmina, silk, cotton and blends. It is commonly used for winter, ceremonial and fashion use. Care depends entirely on fibre and construction.","shawl, multiple regions, wool, pashmina, silk, cotton and blends, handloom",Curated Vastra domain knowledge
VASTRA-00235,handloom,Product Care,customer,How should I wash my Shawl?,"Many cotton handlooms are washable, but follow the care label. Gentle washing and mild detergent are safer for dyed products.","shawl, washing, care",Curated Vastra domain knowledge
VASTRA-00236,handloom,Product Care,customer,How should I iron my Shawl?,"Cotton usually tolerates moderate heat, but the care label determines the safe setting.","shawl, ironing, care",Curated Vastra domain knowledge
VASTRA-00237,handloom,Product Care,customer,How should I store my Shawl?,"Store completely dry in a clean, ventilated place.","shawl, storage, care",Curated Vastra domain knowledge
VASTRA-00238,handloom,Handloom Products,customer|professional|seller,What is a Stole?,"Stole is a handloom/textile product associated with multiple regions. Common material descriptions include silk, cotton, wool, linen and blends. It is commonly used for fashion accessory and formal wear. Lightweight rectangular accessory; check fibre-specific care.","stole, multiple regions, silk, cotton, wool, linen and blends, handloom",Curated Vastra domain knowledge
VASTRA-00239,handloom,Product Care,customer,How should I wash my Stole?,"Many cotton handlooms are washable, but follow the care label. Gentle washing and mild detergent are safer for dyed products.","stole, washing, care",Curated Vastra domain knowledge
VASTRA-00240,handloom,Product Care,customer,How should I iron my Stole?,"Cotton usually tolerates moderate heat, but the care label determines the safe setting.","stole, ironing, care",Curated Vastra domain knowledge
VASTRA-00241,handloom,Product Care,customer,How should I store my Stole?,"Store completely dry in a clean, ventilated place.","stole, storage, care",Curated Vastra domain knowledge
VASTRA-00242,handloom,Handloom Products,customer|professional|seller,What is a Dupatta?,"Dupatta is a handloom/textile product associated with multiple regions. Common material descriptions include cotton, silk, wool and blends. It is commonly used for traditional and contemporary clothing. Care depends on fibre, embroidery, dye and embellishment.","dupatta, multiple regions, cotton, silk, wool and blends, handloom",Curated Vastra domain knowledge
VASTRA-00243,handloom,Product Care,customer,How should I wash my Dupatta?,"Many cotton handlooms are washable, but follow the care label. Gentle washing and mild detergent are safer for dyed products.","dupatta, washing, care",Curated Vastra domain knowledge
VASTRA-00244,handloom,Product Care,customer,How should I iron my Dupatta?,"Cotton usually tolerates moderate heat, but the care label determines the safe setting.","dupatta, ironing, care",Curated Vastra domain knowledge
VASTRA-00245,handloom,Product Care,customer,How should I store my Dupatta?,"Store completely dry in a clean, ventilated place.","dupatta, storage, care",Curated Vastra domain knowledge
VASTRA-00246,handloom,Handloom Products,customer|professional|seller,What is a Dress Material?,"Dress Material is a handloom/textile product associated with multiple regions. Common material descriptions include cotton, silk, wool, blends. It is commonly used for tailoring and apparel. Sold as coordinated fabric pieces for garments; care depends on composition.","dress material, multiple regions, cotton, silk, wool, blends, handloom",Curated Vastra domain knowledge
VASTRA-00247,handloom,Product Care,customer,How should I wash my Dress Material?,"Many cotton handlooms are washable, but follow the care label. Gentle washing and mild detergent are safer for dyed products.","dress material, washing, care",Curated Vastra domain knowledge
VASTRA-00248,handloom,Product Care,customer,How should I iron my Dress Material?,"Cotton usually tolerates moderate heat, but the care label determines the safe setting.","dress material, ironing, care",Curated Vastra domain knowledge
VASTRA-00249,handloom,Product Care,customer,How should I store my Dress Material?,"Store completely dry in a clean, ventilated place.","dress material, storage, care",Curated Vastra domain knowledge
VASTRA-00250,handloom,Handloom Products,customer|professional|seller,What is a Kurta Fabric?,"Kurta Fabric is a handloom/textile product associated with multiple regions. Common material descriptions include cotton, linen, silk and blends. It is commonly used for traditional and casual clothing. Fabric intended for tailoring into kurtas or similar garments.","kurta fabric, multiple regions, cotton, linen, silk and blends, handloom",Curated Vastra domain knowledge
VASTRA-00251,handloom,Product Care,customer,How should I wash my Kurta Fabric?,"Many cotton handlooms are washable, but follow the care label. Gentle washing and mild detergent are safer for dyed products.","kurta fabric, washing, care",Curated Vastra domain knowledge
VASTRA-00252,handloom,Product Care,customer,How should I iron my Kurta Fabric?,"Cotton usually tolerates moderate heat, but the care label determines the safe setting.","kurta fabric, ironing, care",Curated Vastra domain knowledge
VASTRA-00253,handloom,Product Care,customer,How should I store my Kurta Fabric?,"Store completely dry in a clean, ventilated place.","kurta fabric, storage, care",Curated Vastra domain knowledge
VASTRA-00254,handloom,Handloom Products,customer|professional|seller,What is a Handloom Shirt?,"Handloom Shirt is a handloom/textile product associated with multiple regions. Common material descriptions include cotton, linen and blends. It is commonly used for casual and formal wear. Garment made from handwoven fabric; care follows fibre and garment label.","handloom shirt, multiple regions, cotton, linen and blends, handloom",Curated Vastra domain knowledge
VASTRA-00255,handloom,Product Care,customer,How should I wash my Handloom Shirt?,"Many cotton handlooms are washable, but follow the care label. Gentle washing and mild detergent are safer for dyed products.","handloom shirt, washing, care",Curated Vastra domain knowledge
VASTRA-00256,handloom,Product Care,customer,How should I iron my Handloom Shirt?,"Cotton usually tolerates moderate heat, but the care label determines the safe setting.","handloom shirt, ironing, care",Curated Vastra domain knowledge
VASTRA-00257,handloom,Product Care,customer,How should I store my Handloom Shirt?,"Store completely dry in a clean, ventilated place.","handloom shirt, storage, care",Curated Vastra domain knowledge
VASTRA-00258,handloom,Handloom Products,customer|professional|seller,What is a Handloom Towel?,"Handloom Towel is a handloom/textile product associated with multiple regions. Common material descriptions include cotton and blends. It is commonly used for bath, kitchen and utility use. Absorbent woven textile; cotton is common.","handloom towel, multiple regions, cotton and blends, handloom",Curated Vastra domain knowledge
VASTRA-00259,handloom,Product Care,customer,How should I wash my Handloom Towel?,"Many cotton handlooms are washable, but follow the care label. Gentle washing and mild detergent are safer for dyed products.","handloom towel, washing, care",Curated Vastra domain knowledge
VASTRA-00260,handloom,Product Care,customer,How should I iron my Handloom Towel?,"Cotton usually tolerates moderate heat, but the care label determines the safe setting.","handloom towel, ironing, care",Curated Vastra domain knowledge
VASTRA-00261,handloom,Product Care,customer,How should I store my Handloom Towel?,"Store completely dry in a clean, ventilated place.","handloom towel, storage, care",Curated Vastra domain knowledge
VASTRA-00262,handloom,Handloom Products,customer|professional|seller,What is a Bedspread?,"Bedspread is a handloom/textile product associated with multiple regions. Common material descriptions include cotton, silk-cotton and blends. It is commonly used for home furnishing. Woven covering for beds; washing depends on size, construction and fibre.","bedspread, multiple regions, cotton, silk-cotton and blends, handloom",Curated Vastra domain knowledge
VASTRA-00263,handloom,Product Care,customer,How should I wash my Bedspread?,"Many cotton handlooms are washable, but follow the care label. Gentle washing and mild detergent are safer for dyed products.","bedspread, washing, care",Curated Vastra domain knowledge
VASTRA-00264,handloom,Product Care,customer,How should I iron my Bedspread?,"Cotton usually tolerates moderate heat, but the care label determines the safe setting.","bedspread, ironing, care",Curated Vastra domain knowledge
VASTRA-00265,handloom,Product Care,customer,How should I store my Bedspread?,"Store completely dry in a clean, ventilated place.","bedspread, storage, care",Curated Vastra domain knowledge
VASTRA-00266,handloom,Handloom Products,customer|professional|seller,What is a Bedsheet?,Bedsheet is a handloom/textile product associated with multiple regions. Common material descriptions include cotton and blends. It is commonly used for home furnishing. Flat woven sheet; check care label for washing and drying.,"bedsheet, multiple regions, cotton and blends, handloom",Curated Vastra domain knowledge
VASTRA-00267,handloom,Product Care,customer,How should I wash my Bedsheet?,"Many cotton handlooms are washable, but follow the care label. Gentle washing and mild detergent are safer for dyed products.","bedsheet, washing, care",Curated Vastra domain knowledge
VASTRA-00268,handloom,Product Care,customer,How should I iron my Bedsheet?,"Cotton usually tolerates moderate heat, but the care label determines the safe setting.","bedsheet, ironing, care",Curated Vastra domain knowledge
VASTRA-00269,handloom,Product Care,customer,How should I store my Bedsheet?,"Store completely dry in a clean, ventilated place.","bedsheet, storage, care",Curated Vastra domain knowledge
VASTRA-00270,handloom,Handloom Products,customer|professional|seller,What is a Blanket?,"Blanket is a handloom/textile product associated with multiple regions. Common material descriptions include wool, cotton and blends. It is commonly used for bedding and warmth. Care depends on fibre and construction.","blanket, multiple regions, wool, cotton and blends, handloom",Curated Vastra domain knowledge
VASTRA-00271,handloom,Product Care,customer,How should I wash my Blanket?,"Many cotton handlooms are washable, but follow the care label. Gentle washing and mild detergent are safer for dyed products.","blanket, washing, care",Curated Vastra domain knowledge
VASTRA-00272,handloom,Product Care,customer,How should I iron my Blanket?,"Cotton usually tolerates moderate heat, but the care label determines the safe setting.","blanket, ironing, care",Curated Vastra domain knowledge
VASTRA-00273,handloom,Product Care,customer,How should I store my Blanket?,"Store completely dry in a clean, ventilated place.","blanket, storage, care",Curated Vastra domain knowledge
VASTRA-00274,handloom,Handloom Products,customer|professional|seller,What is a Dhurrie?,"Dhurrie is a handloom/textile product associated with multiple regions. Common material descriptions include cotton, wool, jute and blends. It is commonly used for floor covering and décor. Flat-woven floor covering; cleaning method depends on fibre and backing.","dhurrie, multiple regions, cotton, wool, jute and blends, handloom",Curated Vastra domain knowledge
VASTRA-00275,handloom,Product Care,customer,How should I wash my Dhurrie?,"Many cotton handlooms are washable, but follow the care label. Gentle washing and mild detergent are safer for dyed products.","dhurrie, washing, care",Curated Vastra domain knowledge
VASTRA-00276,handloom,Product Care,customer,How should I iron my Dhurrie?,"Cotton usually tolerates moderate heat, but the care label determines the safe setting.","dhurrie, ironing, care",Curated Vastra domain knowledge
VASTRA-00277,handloom,Product Care,customer,How should I store my Dhurrie?,"Store completely dry in a clean, ventilated place.","dhurrie, storage, care",Curated Vastra domain knowledge
VASTRA-00278,handloom,Handloom Products,customer|professional|seller,What is a Rug?,"Rug is a handloom/textile product associated with multiple regions. Common material descriptions include cotton, wool, jute and blends. It is commonly used for floor décor. Care depends on fibre, pile and backing.","rug, multiple regions, cotton, wool, jute and blends, handloom",Curated Vastra domain knowledge
VASTRA-00279,handloom,Product Care,customer,How should I wash my Rug?,"Many cotton handlooms are washable, but follow the care label. Gentle washing and mild detergent are safer for dyed products.","rug, washing, care",Curated Vastra domain knowledge
VASTRA-00280,handloom,Product Care,customer,How should I iron my Rug?,"Cotton usually tolerates moderate heat, but the care label determines the safe setting.","rug, ironing, care",Curated Vastra domain knowledge
VASTRA-00281,handloom,Product Care,customer,How should I store my Rug?,"Store completely dry in a clean, ventilated place.","rug, storage, care",Curated Vastra domain knowledge
VASTRA-00282,handloom,Handloom Products,customer|professional|seller,What is a Carpet?,"Carpet is a handloom/textile product associated with multiple regions. Common material descriptions include wool, cotton, silk and blends. It is commonly used for floor covering and décor. Cleaning should match fibre and construction; valuable carpets may need professional cleaning.","carpet, multiple regions, wool, cotton, silk and blends, handloom",Curated Vastra domain knowledge
VASTRA-00283,handloom,Product Care,customer,How should I wash my Carpet?,"Many cotton handlooms are washable, but follow the care label. Gentle washing and mild detergent are safer for dyed products.","carpet, washing, care",Curated Vastra domain knowledge
VASTRA-00284,handloom,Product Care,customer,How should I iron my Carpet?,"Cotton usually tolerates moderate heat, but the care label determines the safe setting.","carpet, ironing, care",Curated Vastra domain knowledge
VASTRA-00285,handloom,Product Care,customer,How should I store my Carpet?,"Store completely dry in a clean, ventilated place.","carpet, storage, care",Curated Vastra domain knowledge
VASTRA-00286,handloom,Handloom Products,customer|professional|seller,What is a Table Runner?,"Table Runner is a handloom/textile product associated with multiple regions. Common material descriptions include cotton, linen, silk and blends. It is commonly used for dining décor. Decorative table textile; stains should be treated according to fibre and care label.","table runner, multiple regions, cotton, linen, silk and blends, handloom",Curated Vastra domain knowledge
VASTRA-00287,handloom,Product Care,customer,How should I wash my Table Runner?,"Many cotton handlooms are washable, but follow the care label. Gentle washing and mild detergent are safer for dyed products.","table runner, washing, care",Curated Vastra domain knowledge
VASTRA-00288,handloom,Product Care,customer,How should I iron my Table Runner?,"Cotton usually tolerates moderate heat, but the care label determines the safe setting.","table runner, ironing, care",Curated Vastra domain knowledge
VASTRA-00289,handloom,Product Care,customer,How should I store my Table Runner?,"Store completely dry in a clean, ventilated place.","table runner, storage, care",Curated Vastra domain knowledge
VASTRA-00290,handloom,Handloom Products,customer|professional|seller,What is a Tablecloth?,"Tablecloth is a handloom/textile product associated with multiple regions. Common material descriptions include cotton, linen and blends. It is commonly used for dining décor. Flat woven household textile.","tablecloth, multiple regions, cotton, linen and blends, handloom",Curated Vastra domain knowledge
VASTRA-00291,handloom,Product Care,customer,How should I wash my Tablecloth?,"Many cotton handlooms are washable, but follow the care label. Gentle washing and mild detergent are safer for dyed products.","tablecloth, washing, care",Curated Vastra domain knowledge
VASTRA-00292,handloom,Product Care,customer,How should I iron my Tablecloth?,"Cotton usually tolerates moderate heat, but the care label determines the safe setting.","tablecloth, ironing, care",Curated Vastra domain knowledge
VASTRA-00293,handloom,Product Care,customer,How should I store my Tablecloth?,"Store completely dry in a clean, ventilated place.","tablecloth, storage, care",Curated Vastra domain knowledge
VASTRA-00294,handloom,Handloom Products,customer|professional|seller,What is a Curtain?,"Curtain is a handloom/textile product associated with multiple regions. Common material descriptions include cotton, linen, silk and blends. It is commonly used for home furnishing. Care depends on fibre, lining and construction.","curtain, multiple regions, cotton, linen, silk and blends, handloom",Curated Vastra domain knowledge
VASTRA-00295,handloom,Product Care,customer,How should I wash my Curtain?,"Many cotton handlooms are washable, but follow the care label. Gentle washing and mild detergent are safer for dyed products.","curtain, washing, care",Curated Vastra domain knowledge
VASTRA-00296,handloom,Product Care,customer,How should I iron my Curtain?,"Cotton usually tolerates moderate heat, but the care label determines the safe setting.","curtain, ironing, care",Curated Vastra domain knowledge
VASTRA-00297,handloom,Product Care,customer,How should I store my Curtain?,"Store completely dry in a clean, ventilated place.","curtain, storage, care",Curated Vastra domain knowledge
VASTRA-00298,handloom,Handloom Products,customer|professional|seller,What is a Cushion Cover?,"Cushion Cover is a handloom/textile product associated with multiple regions. Common material descriptions include cotton, silk, wool and blends. It is commonly used for home décor. Removable cover may be washable if the label permits.","cushion cover, multiple regions, cotton, silk, wool and blends, handloom",Curated Vastra domain knowledge
VASTRA-00299,handloom,Product Care,customer,How should I wash my Cushion Cover?,"Many cotton handlooms are washable, but follow the care label. Gentle washing and mild detergent are safer for dyed products.","cushion cover, washing, care",Curated Vastra domain knowledge
VASTRA-00300,handloom,Product Care,customer,How should I iron my Cushion Cover?,"Cotton usually tolerates moderate heat, but the care label determines the safe setting.","cushion cover, ironing, care",Curated Vastra domain knowledge
VASTRA-00301,handloom,Product Care,customer,How should I store my Cushion Cover?,"Store completely dry in a clean, ventilated place.","cushion cover, storage, care",Curated Vastra domain knowledge
VASTRA-00302,handloom,Handloom Products,customer|professional|seller,What is a Wall Hanging?,"Wall Hanging is a handloom/textile product associated with multiple regions. Common material descriptions include cotton, wool, silk and blends. It is commonly used for interior décor. Decorative textile; protect from dust, moisture and prolonged sunlight.","wall hanging, multiple regions, cotton, wool, silk and blends, handloom",Curated Vastra domain knowledge
VASTRA-00303,handloom,Product Care,customer,How should I wash my Wall Hanging?,"Many cotton handlooms are washable, but follow the care label. Gentle washing and mild detergent are safer for dyed products.","wall hanging, washing, care",Curated Vastra domain knowledge
VASTRA-00304,handloom,Product Care,customer,How should I iron my Wall Hanging?,"Cotton usually tolerates moderate heat, but the care label determines the safe setting.","wall hanging, ironing, care",Curated Vastra domain knowledge
VASTRA-00305,handloom,Product Care,customer,How should I store my Wall Hanging?,"Store completely dry in a clean, ventilated place.","wall hanging, storage, care",Curated Vastra domain knowledge
VASTRA-00306,handloom,Handloom Products,customer|professional|seller,What is a Handloom Bag?,"Handloom Bag is a handloom/textile product associated with multiple regions. Common material descriptions include cotton, jute, silk blends and other textiles. It is commonly used for shopping and fashion. Cleaning depends on fabric, lining, handles and embellishments.","handloom bag, multiple regions, cotton, jute, silk blends and other textiles, handloom",Curated Vastra domain knowledge
VASTRA-00307,handloom,Product Care,customer,How should I wash my Handloom Bag?,"Many cotton handlooms are washable, but follow the care label. Gentle washing and mild detergent are safer for dyed products.","handloom bag, washing, care",Curated Vastra domain knowledge
VASTRA-00308,handloom,Product Care,customer,How should I iron my Handloom Bag?,"Cotton usually tolerates moderate heat, but the care label determines the safe setting.","handloom bag, ironing, care",Curated Vastra domain knowledge
VASTRA-00309,handloom,Product Care,customer,How should I store my Handloom Bag?,"Store completely dry in a clean, ventilated place.","handloom bag, storage, care",Curated Vastra domain knowledge
VASTRA-00310,handloom,Handloom Products,customer|professional|seller,What is a Scarf?,"Scarf is a handloom/textile product associated with multiple regions. Common material descriptions include cotton, silk, wool and blends. It is commonly used for fashion accessory. Care follows fibre-specific instructions.","scarf, multiple regions, cotton, silk, wool and blends, handloom",Curated Vastra domain knowledge
VASTRA-00311,handloom,Product Care,customer,How should I wash my Scarf?,"Many cotton handlooms are washable, but follow the care label. Gentle washing and mild detergent are safer for dyed products.","scarf, washing, care",Curated Vastra domain knowledge
VASTRA-00312,handloom,Product Care,customer,How should I iron my Scarf?,"Cotton usually tolerates moderate heat, but the care label determines the safe setting.","scarf, ironing, care",Curated Vastra domain knowledge
VASTRA-00313,handloom,Product Care,customer,How should I store my Scarf?,"Store completely dry in a clean, ventilated place.","scarf, storage, care",Curated Vastra domain knowledge
VASTRA-00314,handloom,Handloom Products,customer|professional|seller,What is a Handkerchief/Kerchief?,"Handkerchief/Kerchief is a handloom/textile product associated with multiple regions. Common material descriptions include cotton. It is commonly used for personal accessory. Small woven textile, commonly washable when the label permits.","handkerchief/kerchief, multiple regions, cotton, handloom",Curated Vastra domain knowledge
VASTRA-00315,handloom,Product Care,customer,How should I wash my Handkerchief/Kerchief?,"Many cotton handlooms are washable, but follow the care label. Gentle washing and mild detergent are safer for dyed products.","handkerchief/kerchief, washing, care",Curated Vastra domain knowledge
VASTRA-00316,handloom,Product Care,customer,How should I iron my Handkerchief/Kerchief?,"Cotton usually tolerates moderate heat, but the care label determines the safe setting.","handkerchief/kerchief, ironing, care",Curated Vastra domain knowledge
VASTRA-00317,handloom,Product Care,customer,How should I store my Handkerchief/Kerchief?,"Store completely dry in a clean, ventilated place.","handkerchief/kerchief, storage, care",Curated Vastra domain knowledge
VASTRA-00318,handloom,Handloom Products,customer|professional|seller,What is a Mekhela Chador?,Mekhela Chador is a handloom/textile product associated with Assam. Common material descriptions include silk and cotton variants. It is commonly used for traditional womenswear. Traditional Assamese attire consisting of coordinated woven pieces.,"mekhela chador, assam, silk and cotton variants, handloom",Curated Vastra domain knowledge
VASTRA-00319,handloom,Product Care,customer,How should I wash my Mekhela Chador?,"Many cotton handlooms are washable, but follow the care label. Gentle washing and mild detergent are safer for dyed products.","mekhela chador, washing, care",Curated Vastra domain knowledge
VASTRA-00320,handloom,Product Care,customer,How should I iron my Mekhela Chador?,"Cotton usually tolerates moderate heat, but the care label determines the safe setting.","mekhela chador, ironing, care",Curated Vastra domain knowledge
VASTRA-00321,handloom,Product Care,customer,How should I store my Mekhela Chador?,"Store completely dry in a clean, ventilated place.","mekhela chador, storage, care",Curated Vastra domain knowledge
VASTRA-00322,handloom,Handloom Products,customer|professional|seller,What is a Phanek?,Phanek is a handloom/textile product associated with Manipur. Common material descriptions include cotton and silk variants. It is commonly used for traditional womenswear. Traditional textile garment; care depends on fibre and embellishment.,"phanek, manipur, cotton and silk variants, handloom",Curated Vastra domain knowledge
VASTRA-00323,handloom,Product Care,customer,How should I wash my Phanek?,"Many cotton handlooms are washable, but follow the care label. Gentle washing and mild detergent are safer for dyed products.","phanek, washing, care",Curated Vastra domain knowledge
VASTRA-00324,handloom,Product Care,customer,How should I iron my Phanek?,"Cotton usually tolerates moderate heat, but the care label determines the safe setting.","phanek, ironing, care",Curated Vastra domain knowledge
VASTRA-00325,handloom,Product Care,customer,How should I store my Phanek?,"Store completely dry in a clean, ventilated place.","phanek, storage, care",Curated Vastra domain knowledge
VASTRA-00326,handloom,Handloom Products,customer|professional|seller,What is a Puan?,Puan is a handloom/textile product associated with Mizoram. Common material descriptions include cotton and other woven fibres. It is commonly used for traditional attire and wraps. Traditional woven textile with regional motifs.,"puan, mizoram, cotton and other woven fibres, handloom",Curated Vastra domain knowledge
VASTRA-00327,handloom,Product Care,customer,How should I wash my Puan?,"Many cotton handlooms are washable, but follow the care label. Gentle washing and mild detergent are safer for dyed products.","puan, washing, care",Curated Vastra domain knowledge
VASTRA-00328,handloom,Product Care,customer,How should I iron my Puan?,"Cotton usually tolerates moderate heat, but the care label determines the safe setting.","puan, ironing, care",Curated Vastra domain knowledge
VASTRA-00329,handloom,Product Care,customer,How should I store my Puan?,"Store completely dry in a clean, ventilated place.","puan, storage, care",Curated Vastra domain knowledge
VASTRA-00330,handloom,Handloom Products,customer|professional|seller,What is a Kani Shawl?,Kani Shawl is a handloom/textile product associated with Jammu & Kashmir. Common material descriptions include wool/pashmina traditions. It is commonly used for winter and ceremonial wear. Known for intricate patterned weaving; delicate pieces need careful handling.,"kani shawl, jammu & kashmir, wool/pashmina traditions, handloom",Curated Vastra domain knowledge
VASTRA-00331,handloom,Product Care,customer,How should I wash my Kani Shawl?,Use gentle hand washing or professional cleaning according to the label. Avoid hot water and vigorous agitation unless permitted.,"kani shawl, washing, care",Curated Vastra domain knowledge
VASTRA-00332,handloom,Product Care,customer,How should I iron my Kani Shawl?,Low heat; avoid crushing. Gentle steaming may be suitable when the label allows it.,"kani shawl, ironing, care",Curated Vastra domain knowledge
VASTRA-00333,handloom,Product Care,customer,How should I store my Kani Shawl?,"Store clean, dry and protected from insects.","kani shawl, storage, care",Curated Vastra domain knowledge
VASTRA-00334,handloom,Handloom Products,customer|professional|seller,What is a Jamawar?,"Jamawar is a handloom/textile product associated with Kashmir and South Asian tradition. Common material descriptions include wool, pashmina and blends. It is commonly used for shawls and luxury textiles. Intricate patterned textile tradition.","jamawar, kashmir and south asian tradition, wool, pashmina and blends, handloom",Curated Vastra domain knowledge
VASTRA-00335,handloom,Product Care,customer,How should I wash my Jamawar?,Use gentle hand washing or professional cleaning according to the label. Avoid hot water and vigorous agitation unless permitted.,"jamawar, washing, care",Curated Vastra domain knowledge
VASTRA-00336,handloom,Product Care,customer,How should I iron my Jamawar?,Low heat; avoid crushing. Gentle steaming may be suitable when the label allows it.,"jamawar, ironing, care",Curated Vastra domain knowledge
VASTRA-00337,handloom,Product Care,customer,How should I store my Jamawar?,"Store clean, dry and protected from insects.","jamawar, storage, care",Curated Vastra domain knowledge
VASTRA-00338,handloom,Handloom Products,customer|professional|seller,What is a Kashmir Shawl?,"Kashmir Shawl is a handloom/textile product associated with Jammu & Kashmir. Common material descriptions include wool, pashmina and blends. It is commonly used for winter and luxury wear. Care depends on fibre and embroidery.","kashmir shawl, jammu & kashmir, wool, pashmina and blends, handloom",Curated Vastra domain knowledge
VASTRA-00339,handloom,Product Care,customer,How should I wash my Kashmir Shawl?,Use gentle hand washing or professional cleaning according to the label. Avoid hot water and vigorous agitation unless permitted.,"kashmir shawl, washing, care",Curated Vastra domain knowledge
VASTRA-00340,handloom,Product Care,customer,How should I iron my Kashmir Shawl?,Low heat; avoid crushing. Gentle steaming may be suitable when the label allows it.,"kashmir shawl, ironing, care",Curated Vastra domain knowledge
VASTRA-00341,handloom,Product Care,customer,How should I store my Kashmir Shawl?,"Store clean, dry and protected from insects.","kashmir shawl, storage, care",Curated Vastra domain knowledge
VASTRA-00342,handloom,Handloom Products,customer|professional|seller,What is a Toda Embroidery Textile?,Toda Embroidery Textile is a handloom/textile product associated with Tamil Nadu. Common material descriptions include cotton/wool base depending on item. It is commonly used for traditional textile and décor. Distinctive embroidered textile tradition; follow item-specific care.,"toda embroidery textile, tamil nadu, cotton/wool base depending on item, handloom",Curated Vastra domain knowledge
VASTRA-00343,handloom,Product Care,customer,How should I wash my Toda Embroidery Textile?,"Many cotton handlooms are washable, but follow the care label. Gentle washing and mild detergent are safer for dyed products.","toda embroidery textile, washing, care",Curated Vastra domain knowledge
VASTRA-00344,handloom,Product Care,customer,How should I iron my Toda Embroidery Textile?,"Cotton usually tolerates moderate heat, but the care label determines the safe setting.","toda embroidery textile, ironing, care",Curated Vastra domain knowledge
VASTRA-00345,handloom,Product Care,customer,How should I store my Toda Embroidery Textile?,"Store completely dry in a clean, ventilated place.","toda embroidery textile, storage, care",Curated Vastra domain knowledge
VASTRA-00346,handloom,Customer Doubts & Clarification,customer|professional|seller,What is the difference between handloom and powerloom?,"Handloom uses a manually operated loom, while powerloom uses powered machinery. Appearance alone is not a reliable authenticity test; use trusted documentation or certification where authenticity matters.","doubt, clarification, handloom, customer support",Curated Vastra domain knowledge
VASTRA-00347,handloom,Customer Doubts & Clarification,customer|professional|seller,What is the difference between handwoven and handmade?,Handwoven specifically describes the weaving process. Handmade is broader and may include other manual processes. A product can be handwoven but may also include machine-assisted finishing.,"doubt, clarification, handloom, customer support",Curated Vastra domain knowledge
VASTRA-00348,handloom,Customer Doubts & Clarification,customer|professional|seller,Does handloom always mean pure cotton?,"No. Handloom describes the weaving method, not fibre content. Handloom products can use cotton, silk, wool, linen, blends and other fibres.","doubt, clarification, handloom, customer support",Curated Vastra domain knowledge
VASTRA-00349,handloom,Customer Doubts & Clarification,customer|professional|seller,Does handloom always mean expensive?,"No. Price depends on fibre, yarn quality, labour, complexity, design, density, finishing, embellishment, provenance and market factors.","doubt, clarification, handloom, customer support",Curated Vastra domain knowledge
VASTRA-00350,handloom,Customer Doubts & Clarification,customer|professional|seller,Does silk always mean handloom?,No. Silk describes a fibre/material category; silk fabric can be produced by handloom or powerloom.,"doubt, clarification, handloom, customer support",Curated Vastra domain knowledge
VASTRA-00351,handloom,Customer Doubts & Clarification,customer|professional|seller,What is pure silk?,The term should be interpreted from the product's stated fibre composition and applicable labelling. Do not infer fibre purity from appearance alone.,"doubt, clarification, handloom, customer support",Curated Vastra domain knowledge
VASTRA-00352,handloom,Customer Doubts & Clarification,customer|professional|seller,What is zari?,"Zari is metallic-looking decorative yarn used in textile ornamentation. Its composition can vary, so the product specification should be checked before making a claim about its metal content.","doubt, clarification, handloom, customer support",Curated Vastra domain knowledge
VASTRA-00353,handloom,Customer Doubts & Clarification,customer|professional|seller,Can zari be washed?,"Care depends on the zari type, fabric and construction. Follow the product label; avoid assuming ordinary washing is safe for metallic decoration.","doubt, clarification, handloom, customer support",Curated Vastra domain knowledge
VASTRA-00354,handloom,Customer Doubts & Clarification,customer|professional|seller,What is a selvedge?,"The selvedge is the finished edge running along the length of woven fabric, helping control fraying.","doubt, clarification, handloom, customer support",Curated Vastra domain knowledge
VASTRA-00355,handloom,Customer Doubts & Clarification,customer|professional|seller,What is pallu?,"The pallu is the decorative end section of a saree, often carrying distinctive motifs or woven details.","doubt, clarification, handloom, customer support",Curated Vastra domain knowledge
VASTRA-00356,handloom,Customer Doubts & Clarification,customer|professional|seller,What is the saree blouse piece?,It is the fabric section supplied with some sarees for making a blouse. It may be attached to or supplied separately from the main saree.,"doubt, clarification, handloom, customer support",Curated Vastra domain knowledge
VASTRA-00357,handloom,Customer Doubts & Clarification,customer|professional|seller,What is a border in a saree?,The border is the lengthwise decorative band along one or both edges of the saree.,"doubt, clarification, handloom, customer support",Curated Vastra domain knowledge
VASTRA-00358,handloom,Customer Doubts & Clarification,customer|professional|seller,What is a warp?,Warp yarns run lengthwise through the fabric and are held under tension during weaving.,"doubt, clarification, handloom, customer support",Curated Vastra domain knowledge
VASTRA-00359,handloom,Customer Doubts & Clarification,customer|professional|seller,What is a weft?,Weft yarn is inserted across the width through the warp.,"doubt, clarification, handloom, customer support",Curated Vastra domain knowledge
VASTRA-00360,handloom,Customer Doubts & Clarification,customer|professional|seller,What is yarn count?,Yarn count is a standardized measure of yarn fineness or linear density. The exact interpretation depends on the count system and unit.,"doubt, clarification, handloom, customer support",Curated Vastra domain knowledge
VASTRA-00361,handloom,Customer Doubts & Clarification,customer|professional|seller,What is GSM?,GSM means grams per square metre and describes fabric mass per unit area.,"doubt, clarification, handloom, customer support",Curated Vastra domain knowledge
VASTRA-00362,handloom,Customer Doubts & Clarification,customer|professional|seller,What is shrinkage?,"Shrinkage is dimensional reduction after processing or washing. It depends on fibre, yarn, weave, finishing and treatment conditions.","doubt, clarification, handloom, customer support",Curated Vastra domain knowledge
VASTRA-00363,handloom,Customer Doubts & Clarification,customer|professional|seller,Why does handloom fabric have small irregularities?,"Small variations can occur because of yarn characteristics, hand processes and weaving conditions. However, significant defects should be assessed against the product's quality specification.","doubt, clarification, handloom, customer support",Curated Vastra domain knowledge
VASTRA-00364,handloom,Customer Doubts & Clarification,customer|professional|seller,Is every irregularity proof of handloom?,No. Irregularities alone cannot authenticate handloom production.,"doubt, clarification, handloom, customer support",Curated Vastra domain knowledge
VASTRA-00365,handloom,Customer Doubts & Clarification,customer|professional|seller,How can I verify a handloom product?,"Use reliable product documentation, authorized seller information, applicable Handloom Mark or other certification, GI records where relevant, and traceability data when available.","doubt, clarification, handloom, customer support",Curated Vastra domain knowledge
VASTRA-00366,handloom,Customer Doubts & Clarification,customer|professional|seller,What is Handloom Mark?,Handloom Mark is a collective identity/labeling initiative associated with handloom products in India. Current registration and labeling details should be checked through the official Handloom Mark/Ministry sources.,"doubt, clarification, handloom, customer support",Curated Vastra domain knowledge
VASTRA-00367,handloom,Customer Doubts & Clarification,customer|professional|seller,What is a GI tag?,A Geographical Indication identifies goods associated with a geographic origin and qualities or reputation linked to that origin. GI status should be checked against official records.,"doubt, clarification, handloom, customer support",Curated Vastra domain knowledge
VASTRA-00368,handloom,Customer Doubts & Clarification,customer|professional|seller,Can a product have both GI identity and Handloom Mark?,"Potentially, depending on the product and applicable schemes. They represent different concepts and should not be treated as interchangeable.","doubt, clarification, handloom, customer support",Curated Vastra domain knowledge
VASTRA-00369,handloom,Customer Doubts & Clarification,customer|professional|seller,How should I choose a handloom fabric for summer?,"Cotton and linen are commonly comfortable choices because of breathability, but weave structure, weight, finish and colour also affect comfort.","doubt, clarification, handloom, customer support",Curated Vastra domain knowledge
VASTRA-00370,handloom,Customer Doubts & Clarification,customer|professional|seller,How should I choose a fabric for winter?,Wool and suitable wool blends are common choices; some silk and layered cotton products may also be used depending on climate and garment design.,"doubt, clarification, handloom, customer support",Curated Vastra domain knowledge
VASTRA-00371,handloom,Customer Doubts & Clarification,customer|professional|seller,Which handloom material is easiest to wash?,"Washability depends on the exact product label. Many cotton products are easier to wash than delicate silk, wool or heavily embellished textiles.","doubt, clarification, handloom, customer support",Curated Vastra domain knowledge
VASTRA-00372,handloom,Customer Doubts & Clarification,customer|professional|seller,Can I use detergent on handloom products?,Only use a detergent compatible with the care label. Avoid harsh chemicals and bleach unless specifically permitted.,"doubt, clarification, handloom, customer support",Curated Vastra domain knowledge
VASTRA-00373,handloom,Customer Doubts & Clarification,customer|professional|seller,Can I dry handloom products in direct sunlight?,"Prolonged harsh sunlight can affect dyes and some fibres. Follow the label and prefer controlled, well-ventilated drying when appropriate.","doubt, clarification, handloom, customer support",Curated Vastra domain knowledge
VASTRA-00374,handloom,Customer Doubts & Clarification,customer|professional|seller,Can I iron handloom products every time after washing?,"Not necessarily. Excessive heat can damage fibres, dyes and embellishments. Iron only when needed and follow the label.","doubt, clarification, handloom, customer support",Curated Vastra domain knowledge
VASTRA-00375,handloom,Customer Doubts & Clarification,customer|professional|seller,How do I remove wrinkles from a handloom saree?,"If permitted, use low-heat ironing with a pressing cloth or gentle steaming. Avoid high heat on delicate silk, zari or unknown finishes.","doubt, clarification, handloom, customer support",Curated Vastra domain knowledge
VASTRA-00376,handloom,Customer Doubts & Clarification,customer|professional|seller,How do I remove a stain from a valuable handloom product?,"Do not experiment with strong chemicals. Blot gently if appropriate and consult a professional textile cleaner, especially for silk, zari, embroidery or valuable pieces.","doubt, clarification, handloom, customer support",Curated Vastra domain knowledge
VASTRA-00377,handloom,Customer Doubts & Clarification,customer|professional|seller,Why did the colour bleed?,"Dye migration can result from dye type, fixation, water temperature, soaking, detergent and finishing. Follow the care instructions and avoid prolonged soaking.","doubt, clarification, handloom, customer support",Curated Vastra domain knowledge
VASTRA-00378,handloom,Customer Doubts & Clarification,customer|professional|seller,Why did my fabric shrink?,"Possible reasons include fibre relaxation, yarn structure, finishing and washing conditions. Heat and agitation can increase dimensional change.","doubt, clarification, handloom, customer support",Curated Vastra domain knowledge
VASTRA-00379,handloom,Customer Doubts & Clarification,customer|professional|seller,Why did my saree become dull?,"Possible causes include unsuitable detergent, excessive washing, high heat, abrasion, chemical exposure or prolonged sunlight.","doubt, clarification, handloom, customer support",Curated Vastra domain knowledge
VASTRA-00380,handloom,Customer Doubts & Clarification,customer|professional|seller,Why did my silk become rough?,"Roughness can result from inappropriate washing, heat, chemicals, finish changes or fibre damage. Professional assessment is safest for valuable silk.","doubt, clarification, handloom, customer support",Curated Vastra domain knowledge
VASTRA-00381,handloom,Customer Doubts & Clarification,customer|professional|seller,Can I machine wash a saree?,"Only if the product label permits machine washing. Delicate silk, zari, embroidery and some handloom constructions may require gentler care.","doubt, clarification, handloom, customer support",Curated Vastra domain knowledge
VASTRA-00382,handloom,Customer Doubts & Clarification,customer|professional|seller,Can I dry-clean cotton?,"Some cotton products can be professionally cleaned, but ordinary washable cotton may not require it. Follow the product label.","doubt, clarification, handloom, customer support",Curated Vastra domain knowledge
VASTRA-00383,handloom,Customer Doubts & Clarification,customer|professional|seller,How do I store a silk saree?,"Store clean and dry, folded loosely in breathable fabric, away from strong light and moisture. Periodically inspect and refold stored textiles.","doubt, clarification, handloom, customer support",Curated Vastra domain knowledge
VASTRA-00384,handloom,Customer Doubts & Clarification,customer|professional|seller,How do I store a cotton saree?,"Keep it clean and completely dry, fold neatly, and store in a clean, ventilated environment.","doubt, clarification, handloom, customer support",Curated Vastra domain knowledge
VASTRA-00385,handloom,Customer Doubts & Clarification,customer|professional|seller,How do I store wool shawls?,"Store clean and dry, protect from insects, avoid prolonged compression and use breathable storage.","doubt, clarification, handloom, customer support",Curated Vastra domain knowledge
VASTRA-00386,handloom,Customer Doubts & Clarification,customer|professional|seller,How do I prevent mildew?,"Never store textiles damp. Maintain a clean, dry, ventilated storage environment and address moisture problems in the storage area.","doubt, clarification, handloom, customer support",Curated Vastra domain knowledge
VASTRA-00387,handloom,Customer Doubts & Clarification,customer|professional|seller,How do I prevent insects?,"Keep textiles clean and dry, inspect them periodically and use textile-safe storage practices. Avoid applying chemicals directly unless approved for textile use.","doubt, clarification, handloom, customer support",Curated Vastra domain knowledge
VASTRA-00388,handloom,Customer Doubts & Clarification,customer|professional|seller,What should I do if the care label is missing?,"Identify the fibre and construction conservatively. For valuable or delicate products, consult the manufacturer, seller or professional cleaner rather than guessing.","doubt, clarification, handloom, customer support",Curated Vastra domain knowledge
VASTRA-00389,handloom,Customer Doubts & Clarification,customer|professional|seller,Can Vastra identify fabric from a photo?,"A future computer-vision module can provide a preliminary classification, but a photo alone should not be treated as definitive fibre or authenticity proof.","doubt, clarification, handloom, customer support",Curated Vastra domain knowledge
VASTRA-00390,handloom,Customer Doubts & Clarification,customer|professional|seller,Can Vastra guarantee authenticity?,"No. Vastra can explain verification steps and interpret verified records, but authenticity requires trusted documentation, certification or authoritative records.","doubt, clarification, handloom, customer support",Curated Vastra domain knowledge
VASTRA-00391,handloom,Customer Doubts & Clarification,customer|professional|seller,Can Vastra tell me today's market price?,"Only if Vastra is connected to a current, verified pricing source. Otherwise it should not invent a current price.","doubt, clarification, handloom, customer support",Curated Vastra domain knowledge
VASTRA-00392,handloom,Customer Doubts & Clarification,customer|professional|seller,Can Vastra tell me whether a government scheme is currently open?,"Only when connected to current official government information. Scheme status, eligibility and deadlines can change.","doubt, clarification, handloom, customer support",Curated Vastra domain knowledge
VASTRA-00393,handloom,Customer Doubts & Clarification,customer|professional|seller,What if Vastra does not know the answer?,"Vastra should clearly say that it does not have enough verified information, avoid guessing, and point the user toward the care label, manufacturer, official handloom source or qualified professional.","doubt, clarification, handloom, customer support",Curated Vastra domain knowledge
VASTRA-00394,handloom,Professional Manufacturing & Quality,professional|artisan|manufacturer,What is warping?,"Warping is preparing warp yarns in the required length, order and width for weaving.","manufacturing, quality, weaving, loom, production",Curated Vastra domain knowledge
VASTRA-00395,handloom,Professional Manufacturing & Quality,professional|artisan|manufacturer,What is sizing?,Sizing applies a protective treatment to warp yarns to improve abrasion resistance and handling during weaving. The formulation depends on yarn and process.,"manufacturing, quality, weaving, loom, production",Curated Vastra domain knowledge
VASTRA-00396,handloom,Professional Manufacturing & Quality,professional|artisan|manufacturer,What is denting?,Denting is arranging warp ends through the dents of a reed according to the weaving plan.,"manufacturing, quality, weaving, loom, production",Curated Vastra domain knowledge
VASTRA-00397,handloom,Professional Manufacturing & Quality,professional|artisan|manufacturer,What is reed count?,Reed count describes the dent arrangement or density of a reed according to the relevant system. Interpret it together with the loom setup and yarn specification.,"manufacturing, quality, weaving, loom, production",Curated Vastra domain knowledge
VASTRA-00398,handloom,Professional Manufacturing & Quality,professional|artisan|manufacturer,What is pick density?,Pick density is the number of weft insertions per unit length. The unit and measurement method should be specified.,"manufacturing, quality, weaving, loom, production",Curated Vastra domain knowledge
VASTRA-00399,handloom,Professional Manufacturing & Quality,professional|artisan|manufacturer,What is EPI?,"EPI means ends per inch, a measure of warp density.","manufacturing, quality, weaving, loom, production",Curated Vastra domain knowledge
VASTRA-00400,handloom,Professional Manufacturing & Quality,professional|artisan|manufacturer,What is PPI?,"PPI means picks per inch, a measure of weft density.","manufacturing, quality, weaving, loom, production",Curated Vastra domain knowledge
VASTRA-00401,handloom,Professional Manufacturing & Quality,professional|artisan|manufacturer,What is beat-up?,Beat-up is the action that places the newly inserted weft into the fabric structure using the reed.,"manufacturing, quality, weaving, loom, production",Curated Vastra domain knowledge
VASTRA-00402,handloom,Professional Manufacturing & Quality,professional|artisan|manufacturer,What is take-up?,"Take-up controls how woven fabric is advanced or wound, affecting production rate and fabric density.","manufacturing, quality, weaving, loom, production",Curated Vastra domain knowledge
VASTRA-00403,handloom,Professional Manufacturing & Quality,professional|artisan|manufacturer,What is let-off?,Let-off controls the delivery of warp from the warp beam and helps maintain appropriate warp tension.,"manufacturing, quality, weaving, loom, production",Curated Vastra domain knowledge
VASTRA-00404,handloom,Professional Manufacturing & Quality,professional|artisan|manufacturer,What is a reed mark?,"A reed mark is an unwanted visible line or irregularity associated with reed/denting, tension, loom condition or weaving settings.","manufacturing, quality, weaving, loom, production",Curated Vastra domain knowledge
VASTRA-00405,handloom,Professional Manufacturing & Quality,professional|artisan|manufacturer,What causes broken warp ends?,"Possible causes include weak yarn, excessive tension, abrasion, poor sizing, rough loom parts or incorrect settings.","manufacturing, quality, weaving, loom, production",Curated Vastra domain knowledge
VASTRA-00406,handloom,Professional Manufacturing & Quality,professional|artisan|manufacturer,What causes broken weft?,"Possible causes include weak yarn, winding problems, insertion issues, friction, tension or loom settings.","manufacturing, quality, weaving, loom, production",Curated Vastra domain knowledge
VASTRA-00407,handloom,Professional Manufacturing & Quality,professional|artisan|manufacturer,What causes uneven width?,"Possible causes include warp tension, take-up, beat-up, selvedge control, reed setup or loom condition.","manufacturing, quality, weaving, loom, production",Curated Vastra domain knowledge
VASTRA-00408,handloom,Professional Manufacturing & Quality,professional|artisan|manufacturer,What is fabric inspection?,"Systematic checking for dimensions, defects, shade variation, stains, holes, weaving irregularities and other product requirements.","manufacturing, quality, weaving, loom, production",Curated Vastra domain knowledge
VASTRA-00409,handloom,Professional Manufacturing & Quality,professional|artisan|manufacturer,What is a quality specification?,"A quality specification defines measurable requirements such as fibre composition, dimensions, weight/GSM, colour, construction, defects and finishing.","manufacturing, quality, weaving, loom, production",Curated Vastra domain knowledge
VASTRA-00410,handloom,Professional Manufacturing & Quality,professional|artisan|manufacturer,How should a handloom manufacturer record a batch?,"Record product ID, raw material lots, yarn details, colour, loom/weaver information where appropriate, production dates, inspection results and disposition.","manufacturing, quality, weaving, loom, production",Curated Vastra domain knowledge
VASTRA-00411,handloom,Professional Manufacturing & Quality,professional|artisan|manufacturer,How can QR traceability support manufacturing?,"A QR-linked record can connect a product ID to verified material, production, quality and care information.","manufacturing, quality, weaving, loom, production",Curated Vastra domain knowledge
VASTRA-00412,handloom,Professional Manufacturing & Quality,professional|artisan|manufacturer,What is a yarn lot?,A yarn lot groups yarn produced or supplied under defined conditions so material consistency and traceability can be managed.,"manufacturing, quality, weaving, loom, production",Curated Vastra domain knowledge
VASTRA-00413,handloom,Professional Manufacturing & Quality,professional|artisan|manufacturer,Why is moisture control important in textile storage?,"Excess moisture can encourage mildew, affect fibres and cause storage damage.","manufacturing, quality, weaving, loom, production",Curated Vastra domain knowledge
VASTRA-00414,handloom,AI Scope & Guardrails,all,Can you answer questions about movies?,"I am Vastra AI, specialized in handloom and textile topics. I can help with fibres, yarns, weaving, products, care, artisans, quality, authenticity and related handloom business topics, but not unrelated subjects.","scope, guardrail, safe answer, handover",Curated Vastra domain knowledge
VASTRA-00415,handloom,AI Scope & Guardrails,all,Can you answer coding questions?,"I can help only when the coding question is directly related to the Vastra handloom platform, such as implementing product care data, traceability, inventory or the handloom chatbot. I should not act as a general programming tutor.","scope, guardrail, safe answer, handover",Curated Vastra domain knowledge
VASTRA-00416,handloom,AI Scope & Guardrails,all,Can you answer medical questions?,No. I am a handloom-domain assistant. I can discuss textile and fabric topics but should not provide medical diagnosis or treatment advice.,"scope, guardrail, safe answer, handover",Curated Vastra domain knowledge
VASTRA-00417,handloom,AI Scope & Guardrails,all,Can you answer legal questions?,"I can explain general handloom-related concepts, but current legal or regulatory questions should be verified against authoritative sources and qualified professionals.","scope, guardrail, safe answer, handover",Curated Vastra domain knowledge
VASTRA-00418,handloom,AI Scope & Guardrails,all,Can you answer unrelated shopping questions?,No. I should remain within the handloom/textile domain.,"scope, guardrail, safe answer, handover",Curated Vastra domain knowledge
VASTRA-00419,handloom,AI Scope & Guardrails,all,What if a user asks a mixed question?,"Answer the handloom-related portion and politely decline the unrelated portion. If the request is ambiguous, ask the user to clarify the handloom product or textile context.","scope, guardrail, safe answer, handover",Curated Vastra domain knowledge
VASTRA-00420,handloom,AI Scope & Guardrails,all,What if a customer asks how to wash an unknown fabric?,"Ask for the fibre/material, product type, care label information and any embellishment or zari details. If those are unavailable, give conservative guidance and recommend professional cleaning for valuable or delicate products.","scope, guardrail, safe answer, handover",Curated Vastra domain knowledge
VASTRA-00421,handloom,AI Scope & Guardrails,all,What if a customer asks whether a saree is authentic from an image?,"Explain that an image can provide clues but cannot guarantee authenticity. Recommend checking verified product documentation, certification or traceability records.","scope, guardrail, safe answer, handover",Curated Vastra domain knowledge
VASTRA-00422,handloom,AI Scope & Guardrails,all,What if the user asks for a current scheme or price?,Do not invent current information. Use a connected current official source; otherwise state that current status cannot be verified.,"scope, guardrail, safe answer, handover",Curated Vastra domain knowledge
VASTRA-00423,handloom,AI Scope & Guardrails,all,What if two sources disagree?,"Prefer the most authoritative and current source, preserve uncertainty, and explain that product-specific manufacturer or care-label instructions take priority for care decisions.","scope, guardrail, safe answer, handover",Curated Vastra domain knowledge
VASTRA-00424,handloom,Handloom Products,customer|professional|seller,What is Kanchipuram Silk Saree?,"Kanchipuram Silk Saree is associated with Tamil Nadu. Common material: silk; often zari. Common use: weddings, festivals and ceremonial wear. Rich silk saree tradition associated with Kanchipuram; exact fibre, zari and construction should be verified from the product record.","Kanchipuram Silk Saree, Tamil Nadu, silk; often zari, handloom",Vastra Handloom Product Master
VASTRA-00425,handloom,Handloom Products,customer|professional|seller,What is Banarasi Saree?,"Banarasi Saree is associated with Uttar Pradesh. Common material: silk; zari or other decorative yarns. Common use: weddings, festivals and formal wear. Traditional Banaras weaving tradition known for elaborate motifs and brocade-style effects.","Banarasi Saree, Uttar Pradesh, silk; zari or other decorative yarns, handloom",Vastra Handloom Product Master
VASTRA-00426,handloom,Handloom Products,customer|professional|seller,What is Baluchari Saree?,"Baluchari Saree is associated with West Bengal. Common material: silk, commonly Tussar-associated traditions. Common use: formal and ceremonial wear. Traditional handloom silk sari known for narrative and figurative motifs.","Baluchari Saree, West Bengal, silk, commonly Tussar-associated traditions, handloom",Vastra Handloom Product Master
VASTRA-00427,handloom,Handloom Products,customer|professional|seller,What is Paithani Saree?,Paithani Saree is associated with Maharashtra. Common material: silk and/or cotton depending on product. Common use: festive and ceremonial wear. Traditional Paithani weaving is associated with elaborate pallus and distinctive motifs.,"Paithani Saree, Maharashtra, silk and/or cotton depending on product, handloom",Vastra Handloom Product Master
VASTRA-00428,handloom,Handloom Products,customer|professional|seller,What is Chanderi Saree?,"Chanderi Saree is associated with Madhya Pradesh. Common material: silk, cotton or silk-cotton. Common use: light festive and everyday formal wear. Known for lightweight fabric, fine texture and traditional motifs.","Chanderi Saree, Madhya Pradesh, silk, cotton or silk-cotton, handloom",Vastra Handloom Product Master
VASTRA-00429,handloom,Handloom Products,customer|professional|seller,What is Maheshwari Saree?,"Maheshwari Saree is associated with Madhya Pradesh. Common material: cotton, silk or blends. Common use: everyday formal and festive wear. Associated with Maheshwar and known for distinctive borders and lightweight construction.","Maheshwari Saree, Madhya Pradesh, cotton, silk or blends, handloom",Vastra Handloom Product Master
VASTRA-00430,handloom,Handloom Products,customer|professional|seller,What is Pochampally Ikat Saree?,"Pochampally Ikat Saree is associated with Telangana. Common material: cotton, silk or blends. Common use: everyday and festive wear. Ikat patterns are created by resist-dyeing yarns before weaving.","Pochampally Ikat Saree, Telangana, cotton, silk or blends, handloom",Vastra Handloom Product Master
VASTRA-00431,handloom,Handloom Products,customer|professional|seller,What is Uppada Jamdani Saree?,Uppada Jamdani Saree is associated with Andhra Pradesh. Common material: fine cotton and other variants. Common use: formal and festive wear. Known for delicate Jamdani motifs and fine handloom construction.,"Uppada Jamdani Saree, Andhra Pradesh, fine cotton and other variants, handloom",Vastra Handloom Product Master
VASTRA-00432,handloom,Handloom Products,customer|professional|seller,What is Gadwal Saree?,Gadwal Saree is associated with Telangana. Common material: silk-cotton and related constructions. Common use: festive and ceremonial wear. Known for distinctive body and border/pallu construction.,"Gadwal Saree, Telangana, silk-cotton and related constructions, handloom",Vastra Handloom Product Master
VASTRA-00433,handloom,Handloom Products,customer|professional|seller,What is Ilkal Saree?,"Ilkal Saree is associated with Karnataka. Common material: cotton, silk-cotton and related variants. Common use: everyday and festive wear. Traditional Ilkal sarees are known for characteristic borders and pallu construction.","Ilkal Saree, Karnataka, cotton, silk-cotton and related variants, handloom",Vastra Handloom Product Master
VASTRA-00434,handloom,Handloom Products,customer|professional|seller,What is Molkalmuru Silk Saree?,Molkalmuru Silk Saree is associated with Karnataka. Common material: silk. Common use: festive and ceremonial wear. Traditional Karnataka silk handloom associated with Molkalmuru.,"Molkalmuru Silk Saree, Karnataka, silk, handloom",Vastra Handloom Product Master
VASTRA-00435,handloom,Handloom Products,customer|professional|seller,What is Narayanpet Saree?,Narayanpet Saree is associated with Telangana. Common material: cotton and silk variants. Common use: everyday and festive wear. Narayanpet handloom sarees include cotton and silk variants with characteristic borders and designs.,"Narayanpet Saree, Telangana, cotton and silk variants, handloom",Vastra Handloom Product Master
VASTRA-00436,handloom,Handloom Products,customer|professional|seller,What is Sambalpuri Ikat Saree?,Sambalpuri Ikat Saree is associated with Odisha. Common material: cotton and silk. Common use: everyday and festive wear. Odisha Ikat tradition with yarn resist-dyed patterns.,"Sambalpuri Ikat Saree, Odisha, cotton and silk, handloom",Vastra Handloom Product Master
VASTRA-00437,handloom,Handloom Products,customer|professional|seller,What is Bomkai Saree?,Bomkai Saree is associated with Odisha. Common material: cotton and silk variants. Common use: festive and formal wear. Known for intricate motifs and traditional Odisha weaving.,"Bomkai Saree, Odisha, cotton and silk variants, handloom",Vastra Handloom Product Master
VASTRA-00438,handloom,Handloom Products,customer|professional|seller,What is Khandua Saree?,Khandua Saree is associated with Odisha. Common material: silk/cotton variants. Common use: festive and ceremonial wear. Traditional Odisha textile associated with distinctive motifs and weaving.,"Khandua Saree, Odisha, silk/cotton variants, handloom",Vastra Handloom Product Master
VASTRA-00439,handloom,Handloom Products,customer|professional|seller,What is Tussar Saree?,Tussar Saree is associated with multiple Indian regions. Common material: Tussar silk. Common use: festive and formal wear. Tussar textiles have characteristic texture and natural variation.,"Tussar Saree, multiple Indian regions, Tussar silk, handloom",Vastra Handloom Product Master
VASTRA-00440,handloom,Handloom Products,customer|professional|seller,What is Muga Silk Saree?,Muga Silk Saree is associated with Assam. Common material: Muga silk. Common use: ceremonial and premium wear. Muga silk is a distinctive Assamese silk with natural golden character.,"Muga Silk Saree, Assam, Muga silk, handloom",Vastra Handloom Product Master
VASTRA-00441,handloom,Handloom Products,customer|professional|seller,What is Eri Silk Shawl?,"Eri Silk Shawl is associated with Assam/Northeast. Common material: Eri silk. Common use: winter and ceremonial use. Eri silk is widely used for soft, textured shawls and garments.","Eri Silk Shawl, Assam/Northeast, Eri silk, handloom",Vastra Handloom Product Master
VASTRA-00442,handloom,Handloom Products,customer|professional|seller,What is Kosa Silk Saree?,Kosa Silk Saree is associated with Chhattisgarh. Common material: Tussar/Kosa silk. Common use: festive and formal wear. Kosa is a regional term associated with Tussar silk traditions in Chhattisgarh.,"Kosa Silk Saree, Chhattisgarh, Tussar/Kosa silk, handloom",Vastra Handloom Product Master
VASTRA-00443,handloom,Handloom Products,customer|professional|seller,What is Dhakai Jamdani?,Dhakai Jamdani is associated with Bangladesh and South Asian textile tradition. Common material: cotton and silk variants. Common use: formal and heritage wear. Jamdani is known for intricate supplementary-weft motifs; verify origin and authenticity for specific products.,"Dhakai Jamdani, Bangladesh and South Asian textile tradition, cotton and silk variants, handloom",Vastra Handloom Product Master
VASTRA-00444,handloom,Handloom Products,customer|professional|seller,What is Tangail Saree?,Tangail Saree is associated with West Bengal/Bangladesh textile tradition. Common material: cotton and silk variants. Common use: formal and festive wear. Tangail traditions include fine handwoven sarees with patterned structures.,"Tangail Saree, West Bengal/Bangladesh textile tradition, cotton and silk variants, handloom",Vastra Handloom Product Master
VASTRA-00445,handloom,Handloom Products,customer|professional|seller,What is Tant Saree?,Tant Saree is associated with West Bengal. Common material: cotton. Common use: summer and everyday wear. Lightweight cotton handloom saree associated with Bengal.,"Tant Saree, West Bengal, cotton, handloom",Vastra Handloom Product Master
VASTRA-00446,handloom,Handloom Products,customer|professional|seller,What is Garad Saree?,Garad Saree is associated with West Bengal. Common material: silk. Common use: traditional and ceremonial wear. Traditional Bengal silk saree style.,"Garad Saree, West Bengal, silk, handloom",Vastra Handloom Product Master
VASTRA-00447,handloom,Handloom Products,customer|professional|seller,What is Jamdani Saree?,Jamdani Saree is associated with India/Bangladesh traditions. Common material: cotton and silk variants. Common use: formal and festive wear. Known for supplementary-weft motifs woven into the fabric.,"Jamdani Saree, India/Bangladesh traditions, cotton and silk variants, handloom",Vastra Handloom Product Master
VASTRA-00448,handloom,Handloom Products,customer|professional|seller,What is Khadi Saree?,"Khadi Saree is associated with multiple Indian regions. Common material: hand-spun cotton; silk variants also exist. Common use: everyday, formal and national/heritage wear. Khadi refers to hand-spun and handwoven textile traditions; verify fibre content for each product.","Khadi Saree, multiple Indian regions, hand-spun cotton; silk variants also exist, handloom",Vastra Handloom Product Master
VASTRA-00449,handloom,Handloom Products,customer|professional|seller,What is Mangalagiri Saree?,Mangalagiri Saree is associated with Andhra Pradesh. Common material: cotton. Common use: everyday and festive wear. Known for fine cotton textures and distinctive borders.,"Mangalagiri Saree, Andhra Pradesh, cotton, handloom",Vastra Handloom Product Master
VASTRA-00450,handloom,Handloom Products,customer|professional|seller,What is Venkatagiri Saree?,Venkatagiri Saree is associated with Andhra Pradesh. Common material: cotton and silk variants. Common use: everyday and festive wear. Traditional lightweight weaving associated with Venkatagiri.,"Venkatagiri Saree, Andhra Pradesh, cotton and silk variants, handloom",Vastra Handloom Product Master
VASTRA-00451,handloom,Handloom Products,customer|professional|seller,What is Balaramapuram Saree?,Balaramapuram Saree is associated with Kerala. Common material: cotton. Common use: everyday and festive wear. Fine cotton handloom associated with Balaramapuram.,"Balaramapuram Saree, Kerala, cotton, handloom",Vastra Handloom Product Master
VASTRA-00452,handloom,Handloom Products,customer|professional|seller,What is Kasavu Saree?,Kasavu Saree is associated with Kerala. Common material: cotton with decorative metallic border in traditional styles. Common use: festive and ceremonial wear. Traditional Kerala saree style; decorative metallic elements require careful care.,"Kasavu Saree, Kerala, cotton with decorative metallic border in traditional styles, handloom",Vastra Handloom Product Master
VASTRA-00453,handloom,Handloom Products,customer|professional|seller,What is Chettinad Cotton Saree?,"Chettinad Cotton Saree is associated with Tamil Nadu. Common material: cotton. Common use: everyday wear. Known for strong checks, stripes and bold colour combinations.","Chettinad Cotton Saree, Tamil Nadu, cotton, handloom",Vastra Handloom Product Master
VASTRA-00454,handloom,Handloom Products,customer|professional|seller,What is Coimbatore Cotton Saree?,Coimbatore Cotton Saree is associated with Tamil Nadu. Common material: cotton. Common use: everyday and formal wear. Cotton handloom tradition associated with Coimbatore region.,"Coimbatore Cotton Saree, Tamil Nadu, cotton, handloom",Vastra Handloom Product Master
VASTRA-00455,handloom,Handloom Products,customer|professional|seller,What is Koorainadu Saree?,Koorainadu Saree is associated with Tamil Nadu. Common material: silk/cotton traditions. Common use: traditional and festive wear. Traditional Tamil textile associated with fine weaving.,"Koorainadu Saree, Tamil Nadu, silk/cotton traditions, handloom",Vastra Handloom Product Master
VASTRA-00456,handloom,Handloom Products,customer|professional|seller,What is Madurai Sungudi?,Madurai Sungudi is associated with Tamil Nadu. Common material: cotton. Common use: everyday and summer wear. Traditional tie-dye/resist textile tradition associated with Madurai.,"Madurai Sungudi, Tamil Nadu, cotton, handloom",Vastra Handloom Product Master
VASTRA-00457,handloom,Handloom Products,customer|professional|seller,What is Dhotis / Veshti?,"Dhotis / Veshti is associated with multiple Indian regions. Common material: cotton, silk and blends. Common use: traditional and formal menswear. A rectangular lower garment; names and construction vary by region.","Dhotis / Veshti, multiple Indian regions, cotton, silk and blends, handloom",Vastra Handloom Product Master
VASTRA-00458,handloom,Handloom Products,customer|professional|seller,What is Angavastram?,"Angavastram is associated with South India. Common material: cotton or silk. Common use: shoulder cloth, ceremonial and traditional wear. A rectangular drape worn with traditional attire; care depends on material.","Angavastram, South India, cotton or silk, handloom",Vastra Handloom Product Master
VASTRA-00459,handloom,Handloom Products,customer|professional|seller,What is Mundu?,"Mundu is associated with Kerala. Common material: cotton, sometimes decorative border. Common use: everyday and ceremonial menswear. Traditional Kerala lower garment.","Mundu, Kerala, cotton, sometimes decorative border, handloom",Vastra Handloom Product Master
VASTRA-00460,handloom,Handloom Products,customer|professional|seller,What is Lungi?,Lungi is associated with multiple regions. Common material: cotton and blends. Common use: everyday wear. Comfort-oriented lower garment commonly made from cotton or blends.,"Lungi, multiple regions, cotton and blends, handloom",Vastra Handloom Product Master
VASTRA-00461,handloom,Handloom Products,customer|professional|seller,What is Shawl?,"Shawl is associated with multiple regions. Common material: wool, pashmina, silk, cotton and blends. Common use: winter, ceremonial and fashion use. Care depends entirely on fibre and construction.","Shawl, multiple regions, wool, pashmina, silk, cotton and blends, handloom",Vastra Handloom Product Master
VASTRA-00462,handloom,Handloom Products,customer|professional|seller,What is Stole?,"Stole is associated with multiple regions. Common material: silk, cotton, wool, linen and blends. Common use: fashion accessory and formal wear. Lightweight rectangular accessory; check fibre-specific care.","Stole, multiple regions, silk, cotton, wool, linen and blends, handloom",Vastra Handloom Product Master
VASTRA-00463,handloom,Handloom Products,customer|professional|seller,What is Dupatta?,"Dupatta is associated with multiple regions. Common material: cotton, silk, wool and blends. Common use: traditional and contemporary clothing. Care depends on fibre, embroidery, dye and embellishment.","Dupatta, multiple regions, cotton, silk, wool and blends, handloom",Vastra Handloom Product Master
VASTRA-00464,handloom,Handloom Products,customer|professional|seller,What is Dress Material?,"Dress Material is associated with multiple regions. Common material: cotton, silk, wool, blends. Common use: tailoring and apparel. Sold as coordinated fabric pieces for garments; care depends on composition.","Dress Material, multiple regions, cotton, silk, wool, blends, handloom",Vastra Handloom Product Master
VASTRA-00465,handloom,Handloom Products,customer|professional|seller,What is Kurta Fabric?,"Kurta Fabric is associated with multiple regions. Common material: cotton, linen, silk and blends. Common use: traditional and casual clothing. Fabric intended for tailoring into kurtas or similar garments.","Kurta Fabric, multiple regions, cotton, linen, silk and blends, handloom",Vastra Handloom Product Master
VASTRA-00466,handloom,Handloom Products,customer|professional|seller,What is Handloom Shirt?,"Handloom Shirt is associated with multiple regions. Common material: cotton, linen and blends. Common use: casual and formal wear. Garment made from handwoven fabric; care follows fibre and garment label.","Handloom Shirt, multiple regions, cotton, linen and blends, handloom",Vastra Handloom Product Master
VASTRA-00467,handloom,Handloom Products,customer|professional|seller,What is Handloom Towel?,"Handloom Towel is associated with multiple regions. Common material: cotton and blends. Common use: bath, kitchen and utility use. Absorbent woven textile; cotton is common.","Handloom Towel, multiple regions, cotton and blends, handloom",Vastra Handloom Product Master
VASTRA-00468,handloom,Handloom Products,customer|professional|seller,What is Bedspread?,"Bedspread is associated with multiple regions. Common material: cotton, silk-cotton and blends. Common use: home furnishing. Woven covering for beds; washing depends on size, construction and fibre.","Bedspread, multiple regions, cotton, silk-cotton and blends, handloom",Vastra Handloom Product Master
VASTRA-00469,handloom,Handloom Products,customer|professional|seller,What is Bedsheet?,Bedsheet is associated with multiple regions. Common material: cotton and blends. Common use: home furnishing. Flat woven sheet; check care label for washing and drying.,"Bedsheet, multiple regions, cotton and blends, handloom",Vastra Handloom Product Master
VASTRA-00470,handloom,Handloom Products,customer|professional|seller,What is Blanket?,"Blanket is associated with multiple regions. Common material: wool, cotton and blends. Common use: bedding and warmth. Care depends on fibre and construction.","Blanket, multiple regions, wool, cotton and blends, handloom",Vastra Handloom Product Master
VASTRA-00471,handloom,Handloom Products,customer|professional|seller,What is Dhurrie?,"Dhurrie is associated with multiple regions. Common material: cotton, wool, jute and blends. Common use: floor covering and décor. Flat-woven floor covering; cleaning method depends on fibre and backing.","Dhurrie, multiple regions, cotton, wool, jute and blends, handloom",Vastra Handloom Product Master
VASTRA-00472,handloom,Handloom Products,customer|professional|seller,What is Rug?,"Rug is associated with multiple regions. Common material: cotton, wool, jute and blends. Common use: floor décor. Care depends on fibre, pile and backing.","Rug, multiple regions, cotton, wool, jute and blends, handloom",Vastra Handloom Product Master
VASTRA-00473,handloom,Handloom Products,customer|professional|seller,What is Carpet?,"Carpet is associated with multiple regions. Common material: wool, cotton, silk and blends. Common use: floor covering and décor. Cleaning should match fibre and construction; valuable carpets may need professional cleaning.","Carpet, multiple regions, wool, cotton, silk and blends, handloom",Vastra Handloom Product Master
VASTRA-00474,handloom,Handloom Products,customer|professional|seller,What is Table Runner?,"Table Runner is associated with multiple regions. Common material: cotton, linen, silk and blends. Common use: dining décor. Decorative table textile; stains should be treated according to fibre and care label.","Table Runner, multiple regions, cotton, linen, silk and blends, handloom",Vastra Handloom Product Master
VASTRA-00475,handloom,Handloom Products,customer|professional|seller,What is Tablecloth?,"Tablecloth is associated with multiple regions. Common material: cotton, linen and blends. Common use: dining décor. Flat woven household textile.","Tablecloth, multiple regions, cotton, linen and blends, handloom",Vastra Handloom Product Master
VASTRA-00476,handloom,Handloom Products,customer|professional|seller,What is Curtain?,"Curtain is associated with multiple regions. Common material: cotton, linen, silk and blends. Common use: home furnishing. Care depends on fibre, lining and construction.","Curtain, multiple regions, cotton, linen, silk and blends, handloom",Vastra Handloom Product Master
VASTRA-00477,handloom,Handloom Products,customer|professional|seller,What is Cushion Cover?,"Cushion Cover is associated with multiple regions. Common material: cotton, silk, wool and blends. Common use: home décor. Removable cover may be washable if the label permits.","Cushion Cover, multiple regions, cotton, silk, wool and blends, handloom",Vastra Handloom Product Master
VASTRA-00478,handloom,Handloom Products,customer|professional|seller,What is Wall Hanging?,"Wall Hanging is associated with multiple regions. Common material: cotton, wool, silk and blends. Common use: interior décor. Decorative textile; protect from dust, moisture and prolonged sunlight.","Wall Hanging, multiple regions, cotton, wool, silk and blends, handloom",Vastra Handloom Product Master
VASTRA-00479,handloom,Handloom Products,customer|professional|seller,What is Handloom Bag?,"Handloom Bag is associated with multiple regions. Common material: cotton, jute, silk blends and other textiles. Common use: shopping and fashion. Cleaning depends on fabric, lining, handles and embellishments.","Handloom Bag, multiple regions, cotton, jute, silk blends and other textiles, handloom",Vastra Handloom Product Master
VASTRA-00480,handloom,Handloom Products,customer|professional|seller,What is Scarf?,"Scarf is associated with multiple regions. Common material: cotton, silk, wool and blends. Common use: fashion accessory. Care follows fibre-specific instructions.","Scarf, multiple regions, cotton, silk, wool and blends, handloom",Vastra Handloom Product Master
VASTRA-00481,handloom,Handloom Products,customer|professional|seller,What is Handkerchief/Kerchief?,"Handkerchief/Kerchief is associated with multiple regions. Common material: cotton. Common use: personal accessory. Small woven textile, commonly washable when the label permits.","Handkerchief/Kerchief, multiple regions, cotton, handloom",Vastra Handloom Product Master
VASTRA-00482,handloom,Handloom Products,customer|professional|seller,What is Mekhela Chador?,Mekhela Chador is associated with Assam. Common material: silk and cotton variants. Common use: traditional womenswear. Traditional Assamese attire consisting of coordinated woven pieces.,"Mekhela Chador, Assam, silk and cotton variants, handloom",Vastra Handloom Product Master
VASTRA-00483,handloom,Handloom Products,customer|professional|seller,What is Phanek?,Phanek is associated with Manipur. Common material: cotton and silk variants. Common use: traditional womenswear. Traditional textile garment; care depends on fibre and embellishment.,"Phanek, Manipur, cotton and silk variants, handloom",Vastra Handloom Product Master
VASTRA-00484,handloom,Handloom Products,customer|professional|seller,What is Puan?,Puan is associated with Mizoram. Common material: cotton and other woven fibres. Common use: traditional attire and wraps. Traditional woven textile with regional motifs.,"Puan, Mizoram, cotton and other woven fibres, handloom",Vastra Handloom Product Master
VASTRA-00485,handloom,Handloom Products,customer|professional|seller,What is Kani Shawl?,Kani Shawl is associated with Jammu & Kashmir. Common material: wool/pashmina traditions. Common use: winter and ceremonial wear. Known for intricate patterned weaving; delicate pieces need careful handling.,"Kani Shawl, Jammu & Kashmir, wool/pashmina traditions, handloom",Vastra Handloom Product Master
VASTRA-00486,handloom,Handloom Products,customer|professional|seller,What is Jamawar?,"Jamawar is associated with Kashmir and South Asian tradition. Common material: wool, pashmina and blends. Common use: shawls and luxury textiles. Intricate patterned textile tradition.","Jamawar, Kashmir and South Asian tradition, wool, pashmina and blends, handloom",Vastra Handloom Product Master
VASTRA-00487,handloom,Handloom Products,customer|professional|seller,What is Kashmir Shawl?,"Kashmir Shawl is associated with Jammu & Kashmir. Common material: wool, pashmina and blends. Common use: winter and luxury wear. Care depends on fibre and embroidery.","Kashmir Shawl, Jammu & Kashmir, wool, pashmina and blends, handloom",Vastra Handloom Product Master
VASTRA-00488,handloom,Handloom Products,customer|professional|seller,What is Toda Embroidery Textile?,Toda Embroidery Textile is associated with Tamil Nadu. Common material: cotton/wool base depending on item. Common use: traditional textile and décor. Distinctive embroidered textile tradition; follow item-specific care.,"Toda Embroidery Textile, Tamil Nadu, cotton/wool base depending on item, handloom",Vastra Handloom Product Master
VASTRA-00489,handloom,Materials,customer|professional,What is Mulberry Silk?,"Mulberry Silk is a protein fibre. Common uses: premium sarees, blouses, stoles and ceremonial garments.","Mulberry Silk, protein fibre, material",Vastra Material Care Master
VASTRA-00490,handloom,Materials,customer|professional,What is Bivoltine Mulberry Silk?,Bivoltine Mulberry Silk is a protein fibre. Common uses: high-quality silk sarees and premium garments.,"Bivoltine Mulberry Silk, protein fibre, material",Vastra Material Care Master
VASTRA-00491,handloom,Materials,customer|professional,What is Tropical Tasar Silk?,"Tropical Tasar Silk is a wild/vanya silk. Common uses: sarees, stoles, dress materials and textiles.","Tropical Tasar Silk, wild/vanya silk, material",Vastra Material Care Master
VASTRA-00492,handloom,Materials,customer|professional,What is Oak Tasar Silk?,"Oak Tasar Silk is a wild/vanya silk. Common uses: shawls, sarees and traditional textiles.","Oak Tasar Silk, wild/vanya silk, material",Vastra Material Care Master
VASTRA-00493,handloom,Materials,customer|professional,What is Eri Silk?,"Eri Silk is a vanya silk. Common uses: shawls, scarves, garments and blends.","Eri Silk, vanya silk, material",Vastra Material Care Master
VASTRA-00494,handloom,Materials,customer|professional,What is Muga Silk?,Muga Silk is a vanya silk. Common uses: Assamese ceremonial textiles and premium sarees.,"Muga Silk, vanya silk, material",Vastra Material Care Master
VASTRA-00495,handloom,Materials,customer|professional,What is Cotton?,"Cotton is a cellulosic natural fibre. Common uses: sarees, dhotis, veshtis, towels, shirts, bedsheets and home textiles.","Cotton, cellulosic natural fibre, material",Vastra Material Care Master
VASTRA-00496,handloom,Materials,customer|professional,What is Khadi Cotton?,"Khadi Cotton is a hand-spun cotton textile. Common uses: sarees, shirts, kurtas, dhotis and everyday clothing.","Khadi Cotton, hand-spun cotton textile, material",Vastra Material Care Master
VASTRA-00497,handloom,Materials,customer|professional,What is Linen?,"Linen is a cellulosic bast fibre. Common uses: summer sarees, shirts, trousers, table linen and home textiles.","Linen, cellulosic bast fibre, material",Vastra Material Care Master
VASTRA-00498,handloom,Materials,customer|professional,What is Jute?,"Jute is a cellulosic bast fibre. Common uses: bags, mats, rugs and home décor.","Jute, cellulosic bast fibre, material",Vastra Material Care Master
VASTRA-00499,handloom,Materials,customer|professional,What is Wool?,"Wool is a animal protein fibre. Common uses: shawls, blankets, winter garments and accessories.","Wool, animal protein fibre, material",Vastra Material Care Master
VASTRA-00500,handloom,Materials,customer|professional,What is Pashmina?,"Pashmina is a fine animal fibre. Common uses: shawls, stoles and luxury wraps.","Pashmina, fine animal fibre, material",Vastra Material Care Master
VASTRA-00501,handloom,Materials,customer|professional,What is Yak Wool?,"Yak Wool is a animal fibre. Common uses: shawls, wraps and winter textiles.","Yak Wool, animal fibre, material",Vastra Material Care Master
VASTRA-00502,handloom,Materials,customer|professional,What is Silk-Cotton Blend?,"Silk-Cotton Blend is a blended fibre. Common uses: sarees, dress materials and lightweight garments.","Silk-Cotton Blend, blended fibre, material",Vastra Material Care Master
VASTRA-00503,handloom,Materials,customer|professional,What is Cotton-Linen Blend?,"Cotton-Linen Blend is a blended fibre. Common uses: summer clothing, sarees and home textiles.","Cotton-Linen Blend, blended fibre, material",Vastra Material Care Master
VASTRA-00504,handloom,Materials,customer|professional,What is Viscose/Rayon?,"Viscose/Rayon is a regenerated cellulosic fibre. Common uses: dresses, sarees, stoles and fashion textiles.","Viscose/Rayon, regenerated cellulosic fibre, material",Vastra Material Care Master
VASTRA-00505,handloom,Materials,customer|professional,What is Bamboo Viscose?,Bamboo Viscose is a regenerated cellulosic fibre. Common uses: soft garments and blended textiles.,"Bamboo Viscose, regenerated cellulosic fibre, material",Vastra Material Care Master
